50.3509077,30.5516652
50.3200663,30.5644617
50.4215171,30.6580491
50.4369383,30.4904486
50.4443625,30.5065457
50.4471982,30.4926282
50.4465974,30.4925143
50.4139131,30.6473328
50.4327190,30.5452205
50.4022183,30.5156586
50.4024125,30.5151156
50.3969067,30.5094719
50.4984754,30.4543783
50.4029986,30.6364251
50.4066670,30.6395249
50.4076345,30.6396058
50.4339119,30.6009263
50.4219406,30.5454008
50.4003237,30.6294673
50.4406248,30.5382016
50.4052276,30.5223834
50.4027226,30.6290332
50.4022109,30.6331344
50.4346974,30.4719300
50.4376793,30.4749858
50.3686534,30.5529821
50.3986047,30.6338135
50.3979909,30.6338415
50.3959593,30.6171869
50.3977134,30.6413675
50.4956243,30.5819670
50.4952729,30.5810183
50.4978679,30.5897987
50.4973287,30.5892683
50.5017568,30.5850891
50.5004638,30.5892541
50.5003433,30.5888977
50.4956589,30.5805877
50.4825125,30.6327388
50.4819687,30.6344829
50.4830192,30.6353381
50.4836891,30.6335932
50.4843682,30.6401990
50.4933796,30.5439934
50.4930022,30.5442135
50.4885924,30.5080161
50.4889062,30.5088154
50.4660492,30.3558135
50.5040889,30.5973289
50.5039639,30.5979519
50.5030308,30.5843188
50.4657490,30.3674336
50.4578112,30.3792145
50.4610384,30.3771481
50.4632226,30.3727310
50.4743535,30.3421416
50.4657001,30.3553347
50.4732966,30.3577066
50.4734996,30.3573213
50.4701750,30.3559930
50.4741591,30.3555343
50.4745342,30.3466402
50.4746171,30.3460940
50.4741744,30.3528048
50.4740137,30.3380338
50.4736697,30.3383336
50.4739281,30.3389249
50.4706376,30.3373088
50.4704147,30.3372564
50.4562404,30.3725016
50.4512844,30.5986804
50.4034950,30.6831451
50.5104121,30.5948307
50.5107553,30.5955160
50.5111577,30.5970932
50.4922815,30.5903022
50.4929759,30.5905167
50.4621848,30.5999703
50.4619188,30.6005278
50.4265101,30.6022596
50.4268085,30.6023895
50.4233319,30.6033419
50.4239808,30.6033892
50.4219994,30.5977077
50.4973709,30.5906020
50.4158692,30.6433451
50.3646421,30.4502839
50.3929692,30.5306051
50.3899376,30.5292922
50.3834439,30.5317505
50.3790465,30.5346230
50.3636031,30.5598594
50.4296512,30.5133595
50.4242045,30.5157696
50.4202067,30.5182287
50.4160438,30.5209185
50.3661899,30.4634160
50.3665129,30.4640247
50.3696067,30.4608242
50.3643175,30.4660571
50.3616120,30.4705838
50.3607649,30.4707349
50.3590683,30.4731440
50.3580699,30.4734058
50.3552902,30.4851498
50.3552233,30.4823779
50.3557047,30.4815558
50.3544084,30.4885305
50.3547272,30.4889981
50.3503427,30.4766654
50.4951510,30.5819794
50.4950363,30.5813445
50.4301672,30.5425822
50.4281204,30.5395926
50.4269315,30.5394138
50.4229780,30.4872500
50.4251282,30.4902866
50.4225753,30.4818795
50.4249396,30.4772683
50.4277067,30.4757980
50.4271043,30.4759164
50.4339546,30.4846907
50.4593690,30.4056015
50.4599823,30.4059987
50.4489940,30.5939102
50.4496705,30.5989855
50.4024141,30.6351527
50.4736887,30.4467525
50.4742446,30.4486002
50.4730838,30.4493364
50.4389980,30.4859305
50.3811538,30.5523237
50.3726002,30.5451311
50.3903947,30.4833378
50.3862509,30.4901425
50.3627150,30.5558155
50.3610867,30.5584356
50.4090653,30.3915740
50.4009940,30.5620325
50.4016863,30.5613121
50.4014787,30.5606130
50.5061084,30.4898431
50.3995744,30.6432425
50.3998483,30.6427439
50.4563407,30.4981989
50.4003071,30.5290962
50.4332941,30.6014097
50.4303518,30.6062203
50.4297929,30.6058124
50.4353802,30.6049920
50.4360643,30.6057292
50.4331547,30.6029270
50.4239890,30.5645941
50.4280874,30.5505120
50.4263738,30.5561133
50.4260109,30.5591418
50.4241840,30.5591924
50.4293871,30.5421803
50.4307025,30.5426374
50.4286900,30.5398390
50.4284164,30.5383221
50.4290271,30.5494482
50.4312538,30.5952562
50.4319271,30.5960233
50.4217791,30.5690868
50.4217034,30.5685925
50.4272528,30.5508731
50.4604669,30.6365097
50.4008047,30.6513919
50.4013912,30.6526531
50.3397739,30.4774500
50.3563264,30.4763981
50.5304928,30.6103809
50.5299566,30.6099909
50.4339696,30.5101691
50.4383418,30.5158463
50.4426265,30.5447531
50.4219535,30.5936941
50.4361854,30.5447660
50.4371226,30.5449257
50.4431269,30.5452038
50.4180368,30.5530201
50.4174916,30.5535868
50.4025663,30.6540150
50.4394832,30.6156908
50.4392664,30.6160112
50.4679849,30.3342918
50.4677295,30.3341930
50.4731525,30.3319931
50.5166019,30.6171290
50.5214336,30.6191651
50.5055894,30.6027397
50.5039565,30.6019588
50.5138861,30.6149457
50.5136122,30.6151440
50.5106908,30.6114103
50.5114222,30.6129446
50.5174060,30.6180469
50.4579136,30.3881863
50.4591840,30.3780747
50.4613169,30.3752276
50.4629582,30.3718987
50.4647882,30.3679940
50.4656548,30.3625460
50.4652083,30.3630622
50.4648149,30.3563263
50.4647003,30.3540786
50.4756839,30.3589123
50.3708106,30.5509025
50.3879617,30.4950467
50.3845795,30.4865406
50.3831725,30.4828659
50.3809463,30.4762655
50.3842186,30.4849882
50.3754481,30.4534650
50.3752320,30.4522919
50.4332148,30.5133600
50.4709121,30.4473049
50.4597848,30.4850731
50.4352520,30.4729135
50.4218286,30.5939417
50.4081797,30.5181226
50.4279653,30.5104581
50.4657648,30.4703343
50.4615769,30.4808401
50.4621488,30.4805082
50.4562720,30.5023930
50.3785581,30.4717801
50.3783857,30.4705574
50.3902595,30.5008906
50.3829097,30.4817180
50.3883990,30.4955997
50.3906771,30.5013598
50.4554405,30.5064070
50.4283595,30.5163073
50.4346589,30.5986041
50.4329070,30.5949058
50.4351509,30.6001544
50.4435404,30.5983670
50.4455678,30.5927301
50.4454249,30.5929326
50.4375427,30.6054746
50.3931656,30.5311295
50.3900525,30.5294837
50.4158563,30.4607318
50.4155835,30.4613721
50.4164287,30.4556309
50.4160235,30.4565434
50.4215359,30.4578469
50.4143095,30.4644309
50.4419754,30.5211700
50.5014245,30.5043426
50.5015981,30.5000054
50.5039583,30.5066888
50.4961044,30.5097205
50.4960566,30.5128211
50.4958124,30.5128358
50.5014875,30.4940943
50.4887382,30.4998269
50.4874820,30.4974961
50.4873295,30.4982166
50.4862017,30.4981385
50.4860651,30.4976624
50.4883403,30.5237989
50.4886360,30.5257507
50.4907020,30.5236309
50.4885017,30.5289048
50.4957033,30.5163834
50.4960832,30.5158641
50.4950054,30.5196199
50.5031839,30.5125008
50.5026129,30.5124885
50.4994204,30.5154633
50.5029086,30.4915366
50.5069602,30.4878243
50.5095808,30.4915798
50.5072994,30.4873261
50.5131598,30.4979174
50.5128326,30.4842606
50.4107254,30.6376820
50.4111192,30.6387680
50.4081708,30.3911253
50.4147640,30.3943476
50.4149889,30.3950513
50.4176606,30.3887353
50.4218646,30.3789577
50.4220330,30.3781319
50.4029392,30.5579553
50.5237205,30.6280267
50.4256786,30.5177817
50.4094872,30.6290037
50.4216224,30.3836512
50.4714033,30.3504838
50.4712613,30.3501628
50.4243252,30.6442989
50.4911678,30.5849943
50.4912521,30.5853732
50.4439182,30.4412089
50.4436621,30.4424749
50.4481321,30.4434932
50.4490181,30.4435280
50.4352586,30.4533386
50.4350806,30.4538307
50.4426913,30.4425652
50.4433275,30.4390750
50.5269590,30.6198895
50.4161479,30.6597410
50.4166856,30.6592814
50.4128148,30.6650269
50.4090986,30.6689559
50.4081677,30.6601944
50.4081235,30.6588381
50.4073494,30.6560161
50.4062237,30.6556939
50.4279964,30.6386332
50.4557164,30.3572607
50.4597055,30.3560568
50.4490909,30.4800478
50.5059879,30.4500563
50.5207524,30.4483760
50.4795333,30.6258291
50.4801609,30.6242164
50.3801731,30.4554083
50.3791128,30.4568182
50.3824271,30.4523290
50.3821722,30.4530718
50.3809299,30.4547917
50.3789965,30.4573534
50.4112339,30.6372975
50.4695858,30.4465370
50.4780182,30.4494088
50.4360320,30.5149391
50.4844420,30.6398030
50.4842307,30.5935258
50.5043372,30.4376570
50.5051740,30.4447762
50.5050711,30.4509197
50.5009761,30.4518280
50.4229055,30.4304704
50.4239438,30.4273612
50.5055250,30.4518423
50.5040691,30.4283698
50.5036868,30.4297609
50.5241212,30.6199645
50.5239813,30.6195585
50.5201217,30.6192622
50.4850266,30.4711775
50.4843366,30.4709295
50.4938785,30.4614810
50.4921737,30.4631617
50.4886809,30.4680845
50.4868348,30.4711840
50.4950405,30.4595928
50.4306531,30.5162022
50.4257146,30.5016894
50.5098481,30.5928093
50.5059713,30.6008206
50.5084744,30.5986248
50.5084277,30.5981384
50.4151065,30.6138231
50.4159123,30.6174937
50.4171907,30.6206211
50.4445963,30.6267484
50.5036376,30.4357603
50.5044947,30.4401323
50.5052534,30.4434567
50.5054080,30.4188529
50.5050542,30.4193620
50.5071830,30.4097335
50.5123218,30.4110392
50.5142760,30.4161625
50.4755772,30.5965141
50.4314034,30.5973968
50.4267651,30.6373418
50.4247729,30.6437091
50.4197194,30.6544857
50.4330578,30.6325672
50.4186196,30.6557467
50.4405707,30.5916354
50.3684465,30.6086773
50.3922071,30.6052386
50.3919643,30.6055229
50.3931473,30.6033778
50.5256712,30.6281684
50.5282254,30.6285475
50.4550790,30.6134256
50.4556081,30.6138051
50.4413361,30.5586481
50.5126246,30.6006015
50.4619794,30.4801821
50.4625391,30.4822267
50.4624114,30.4821677
50.4033102,30.6651719
50.4652004,30.5188889
50.4963418,30.4570219
50.5025399,30.4410500
50.5030473,30.4408033
50.5006451,30.4509323
50.4597155,30.4855530
50.5242216,30.6097319
50.4175371,30.5432640
50.4300000,30.4144281
50.4240030,30.4256708
50.4272679,30.4178548
50.4313820,30.4562351
50.4378755,30.4502312
50.4386469,30.4485473
50.5087988,30.6086289
50.5065009,30.6043522
50.4617897,30.4833471
50.4693571,30.4865349
50.5141322,30.4228315
50.5122168,30.4106192
50.5146265,30.4220970
50.5261531,30.4973575
50.4480246,30.6150563
50.4452954,30.6152378
50.4522290,30.6174504
50.4537783,30.6111491
50.4548756,30.6326448
50.4670067,30.6464315
50.3894727,30.4781184
50.3832007,30.4601454
50.3891624,30.4775990
50.4763284,30.6279492
50.3900096,30.4820384
50.3882158,30.4728233
50.3879574,30.4726011
50.3784741,30.4655952
50.3740372,30.4639910
50.4247058,30.6263091
50.4264844,30.6323950
50.3771513,30.4560542
50.3691031,30.4596847
50.3840230,30.4863090
50.3831058,30.4898686
50.4206869,30.4707034
50.4210780,30.4703990
50.4535877,30.6108958
50.4557581,30.4738668
50.3866776,30.4917245
50.4735559,30.6301711
50.4705421,30.6234084
50.4076738,30.5017486
50.4079169,30.5003345
50.4821988,30.5860436
50.4077944,30.5064062
50.4277103,30.5135916
50.4308624,30.6488335
50.3786130,30.7035246
50.4618810,30.5911486
50.4802123,30.5720127
50.4737564,30.5776338
50.4176103,30.6352979
50.4125181,30.6440514
50.4128214,30.6434623
50.4143833,30.6363650
50.4138023,30.6369604
50.4117322,30.6378035
50.3579929,30.6081842
50.3579985,30.6079610
50.3546003,30.6093889
50.3545181,30.6093782
50.3823456,30.6048542
50.3831220,30.6048724
50.4187444,30.4916037
50.4294514,30.6626652
50.4295451,30.6635641
50.4307120,30.5952982
50.4078060,30.4598812
50.4400334,30.6105766
50.3979620,30.5160962
50.3986926,30.5157407
50.4627473,30.6287819
50.4690219,30.6216744
50.4690902,30.6212023
50.4738193,30.6365124
50.4693360,30.6206766
50.4715486,30.6295381
50.4702145,30.6246967
50.4088475,30.6299262
50.4105784,30.6157832
50.3615116,30.4439310
50.3683178,30.4559314
50.3684527,30.4554491
50.3697505,30.4583326
50.3700747,30.4578177
50.3643617,30.4492593
50.3663813,30.4529271
50.3668053,30.4529428
50.3939922,30.6042096
50.4074441,30.5076121
50.4046191,30.5294847
50.4510747,30.4677670
50.4173526,30.5147188
50.3797019,30.4449528
50.3801572,30.4455791
50.3902360,30.6940434
50.4426539,30.6281473
50.4439469,30.6272348
50.4425088,30.6286916
50.4436343,30.6275806
50.4079861,30.6297582
50.4043158,30.5173279
50.3814922,30.4787351
50.3977950,30.5106185
50.3922519,30.5051273
50.3923427,30.5057044
50.4118460,30.5247995
50.4130136,30.5246064
50.4047112,30.5165368
50.3946864,30.4959671
50.3947476,30.4977489
50.3938847,30.4909759
50.3959090,30.5024676
50.3855401,30.4660793
50.3929065,30.4864684
50.4574709,30.6132218
50.4574993,30.6128236
50.4574175,30.6130150
50.4548475,30.6135776
50.4205487,30.5210150
50.3976054,30.5085195
50.3866750,30.4582528
50.3873293,30.4597130
50.4166723,30.5234664
50.3856670,30.4568015
50.3857374,30.4668889
50.4017817,30.6156227
50.3955074,30.6173055
50.3740148,30.7100196
50.3740285,30.7103414
50.4010635,30.6827699
50.4107109,30.6473832
50.4495656,30.6136610
50.4234652,30.6557371
50.4231706,30.6563070
50.4457314,30.4982093
50.4460719,30.4984601
50.4518240,30.4611206
50.4523816,30.4596972
50.4489364,30.4790373
50.4479642,30.4841386
50.4483690,30.4848296
50.4507704,30.4675359
50.4513609,30.4661126
50.4497000,30.4740650
50.4498909,30.4750128
50.4539854,30.4483027
50.4548209,30.4451136
50.4225943,30.5544524
50.4221743,30.5522941
50.4471472,30.4892763
50.4633725,30.6446765
50.4631101,30.6437410
50.4447065,30.5391543
50.4398903,30.6108624
50.5118540,30.4501872
50.5128357,30.4487269
50.4742371,30.5964275
50.5133606,30.4501718
50.5092944,30.4507827
50.5063834,30.4510261
50.4128517,30.4286762
50.4604380,30.4852140
50.4620957,30.4996790
50.4621763,30.4955467
50.4621543,30.4967458
50.4623167,30.4906604
50.4624124,30.5014204
50.4627593,30.5062495
50.4630495,30.5061050
50.4164817,30.6091862
50.4169217,30.5956388
50.4667301,30.5120322
50.4685695,30.5054356
50.4701529,30.5068206
50.4204688,30.6048550
50.4475555,30.6285326
50.4472155,30.6277984
50.4471154,30.4203724
50.4271668,30.6354882
50.3785906,30.4591565
50.4481611,30.6746871
50.4476010,30.6743935
50.5233365,30.6141120
50.5241409,30.6009615
50.5312229,30.5993190
50.5291368,30.6010184
50.5231694,30.6183230
50.5284677,30.6009445
50.5236711,30.6072448
50.5247298,30.6009522
50.5231012,30.6145572
50.5309075,30.5990589
50.5241667,30.5999119
50.5222094,30.5979785
50.5223867,30.5986375
50.4530431,30.4537546
50.3722971,30.5181533
50.5007373,30.6103648
50.4219157,30.6032215
50.3386748,30.5496473
50.3394212,30.5539548
50.4739909,30.4763249
50.4817809,30.4759173
50.4256239,30.6548568
50.4288510,30.6529123
50.4190360,30.6545702
50.4188424,30.6551797
50.4805917,30.4059128
50.4805576,30.4056874
50.4844102,30.4060498
50.4803495,30.4072722
50.4813984,30.4067193
50.4800051,30.4085465
50.4819666,30.4031307
50.4836385,30.3956004
50.4818098,30.3959973
50.4854134,30.3955896
50.4813924,30.3970112
50.4579196,30.3923983
50.4568481,30.3878277
50.4585643,30.3961739
50.4877579,30.3935509
50.4766258,30.4303532
50.4742050,30.4370240
50.4749594,30.4382726
50.5005498,30.3652439
50.4399963,30.5179899
50.4410824,30.5115808
50.4445050,30.5080817
50.3897628,30.4641800
50.3895739,30.4634905
50.3920039,30.7633830
50.3924730,30.7636474
50.3972430,30.7377520
50.3977109,30.7381458
50.3893794,30.7751358
50.3898079,30.7756438
50.3974784,30.6404293
50.3970292,30.6382425
50.5329297,30.6004127
50.3953333,30.6423500
50.3955997,30.6425450
50.3277044,30.5608361
50.3281667,30.5610024
50.4751074,30.5292044
50.5135766,30.5938875
50.5206546,30.5967713
50.5185510,30.5941648
50.5232818,30.6104373
50.5231180,30.6093742
50.5146025,30.5934892
50.4827144,30.4035395
50.4060389,30.5525706
50.4078480,30.5522320
50.4098183,30.5501561
50.4101992,30.5502039
50.4125178,30.5488921
50.4133511,30.5491368
50.4167957,30.5491260
50.5216398,30.4463555
50.3945714,30.6363078
50.4108019,30.6158689
50.3925637,30.6366488
50.3940049,30.6352132
50.4018352,30.6184955
50.4598810,30.6322214
50.4589705,30.6311960
50.4591472,30.6305387
50.4891775,30.3637646
50.4818206,30.4044511
50.4931646,30.3315683
50.4563904,30.4965576
50.4563279,30.4941432
50.4567737,30.4893617
50.4561550,30.4922202
50.4573725,30.4294320
50.4055632,30.6170214
50.4066795,30.6215185
50.4063677,30.6209849
50.4102376,30.6335632
50.4098312,30.6334688
50.4023596,30.6531525
50.4076348,30.6663479
50.4034848,30.6540120
50.4077921,30.6655439
50.4091585,30.6552647
50.4318624,30.4691743
50.4073574,30.5170271
50.3960502,30.6533174
50.4921705,30.4364026
50.5084162,30.5853684
50.5172458,30.6032378
50.5069538,30.5858275
50.5008312,30.5781672
50.5139627,30.6001479
50.4980451,30.5760134
50.4997803,30.5759248
50.5173775,30.6021417
50.4572077,30.3554737
50.4632522,30.3563695
50.4322183,30.4730206
50.4306443,30.4726689
50.4347085,30.4867742
50.4325887,30.4800045
50.4320978,30.4746501
50.4307282,30.4720208
50.4327406,30.4791121
50.4563877,30.4355154
50.4558547,30.4368413
50.4602456,30.3565253
50.4566918,30.3794388
50.4585888,30.3877102
50.4565478,30.3724532
50.4672855,30.5987029
50.4125368,30.4976584
50.4127144,30.4969458
50.4930253,30.3294287
50.3959862,30.6947441
50.4832132,30.4056724
50.4647030,30.3533209
50.4646996,30.3530875
50.4502250,30.4833773
50.3767157,30.5935450
50.4800907,30.4903826
50.3823764,30.6030280
50.3824614,30.6029824
50.3814657,30.5958503
50.3815799,30.5960050
50.3765509,30.5938161
50.3877387,30.6034596
50.3880850,30.6034952
50.4822031,30.4611953
50.4823576,30.4606426
50.4699243,30.4109941
50.4763252,30.4056986
50.4770610,30.4060170
50.4871514,30.4060188
50.4861463,30.4056912
50.4638333,30.4057331
50.4650778,30.4060404
50.4672879,30.4057006
50.4681351,30.4059997
50.3947403,30.6493796
50.3951723,30.6479970
50.5092548,30.4909582
50.5196698,30.4911694
50.3944621,30.6434514
50.4341690,30.5926075
50.4378122,30.5920872
50.4450849,30.5909512
50.4410087,30.5918695
50.4445425,30.5913198
50.4309201,30.3626360
50.4179465,30.4776379
50.4887712,30.3639709
50.2954509,30.5826052
50.4832619,30.5933065
50.4563623,30.6108827
50.4309906,30.6091003
50.4834887,30.5897839
50.4872698,30.5920041
50.4142793,30.4405058
50.4137289,30.4449960
50.4203276,30.4989969
50.4162126,30.4910380
50.4137649,30.4904486
50.4135938,30.4906164
50.4158897,30.4908443
50.4124567,30.5134117
50.4104855,30.5068974
50.4106399,30.5070146
50.4858309,30.3971671
50.4082054,30.4930996
50.4654790,30.6182753
50.4983407,30.6065611
50.4994544,30.6061969
50.4984388,30.6054081
50.5015495,30.5926382
50.4873269,30.6118639
50.4857186,30.6123416
50.4788563,30.6175927
50.4776675,30.6178208
50.4382533,30.5207661
50.3379979,30.5410998
50.3394565,30.5431866
50.5027584,30.6034229
50.4956464,30.6081305
50.4939622,30.6080448
50.4550002,30.6134774
50.4436094,30.5204761
50.3843348,30.5048745
50.4562986,30.4462854
50.4621172,30.4368819
50.4620515,30.4369856
50.4606346,30.4296057
50.4606957,30.4295109
50.3844313,30.5051281
50.3834000,30.4994182
50.3830053,30.4917391
50.3832239,30.4956465
50.3833423,30.4952289
50.3812447,30.5517503
50.5102913,30.5068860
50.5433554,30.4853245
50.4371475,30.3601173
50.4910674,30.3507624
50.4911537,30.3507150
50.4965485,30.3703773
50.4925171,30.3653623
50.4628426,30.4514688
50.4956999,30.5631268
50.4278950,30.5116527
50.4269335,30.3655894
50.3327304,30.5594716
50.2462095,30.6297504
50.2357868,30.6367383
50.2606147,30.6190027
50.4309426,30.4558876
50.4312638,30.4690952
50.2852617,30.5998817
50.2858214,30.5993761
50.4262960,30.5034528
50.4207633,30.4888372
50.5079864,30.4506421
50.5143801,30.4217091
50.4260755,30.4545313
50.4407696,30.4986260
50.4274410,30.4636053
50.4275541,30.4644837
50.4283490,30.4569502
50.4399585,30.4965880
50.4378470,30.4757249
50.4259890,30.4611029
50.4394890,30.4840643
50.4236607,30.4645573
50.4723065,30.4753799
50.4115873,30.4321038
50.3981427,30.5308379
50.3965846,30.5324914
50.3768017,30.4689844
50.4303151,30.5663532
50.4300570,30.5668725
50.3789993,30.4640380
50.3929409,30.4787120
50.3917937,30.4697391
50.3791059,30.4603508
50.3933965,30.4846830
50.3935164,30.4886941
50.3816695,30.4777062
50.3852557,30.5312770
50.3856293,30.5307162
50.3810499,30.5334131
50.4078008,30.5212512
50.3768645,30.5377526
50.3774569,30.5372096
50.3790706,30.5354201
50.4059696,30.5221148
50.4076825,30.5197655
50.3835963,30.5013075
50.3873343,30.5110362
50.3874094,30.5108963
50.3874975,30.5173625
50.3875369,30.5176639
50.4434170,30.5459179
50.4336153,30.5929161
50.4291284,30.6523085
50.4221145,30.6504538
50.4220348,30.6500033
50.4970655,30.3696609
50.4936643,30.3784443
50.4930435,30.3794582
50.4482865,30.4106303
50.4164530,30.6439444
50.5144049,30.4154787
50.4271983,30.6752723
50.4275185,30.6751192
50.4284544,30.6680213
50.4097265,30.5192098
50.4260781,30.4909381
50.4395261,30.6071482
50.4457908,30.3129150
50.4459344,30.3130148
50.4530981,30.3180977
50.4788549,30.6203913
50.4789434,30.6195648
50.5156577,30.6063541
50.4305327,30.3889069
50.4221461,30.6046584
50.4301487,30.6157497
50.4246516,30.6137679
50.4272537,30.6158653
50.4267535,30.6159135
50.4326646,30.6126628
50.4315215,30.6098625
50.4244650,30.6128826
50.4215713,30.5923227
50.4280323,30.5927156
50.4250566,30.5927018
50.4271662,30.5922616
50.4244838,30.5922944
50.4181320,30.5196027
50.4338402,30.5167087
50.4235976,30.5190067
50.3566148,30.4774749
50.4119173,30.5302385
50.4121273,30.5295470
50.4417432,30.6231097
50.4403777,30.6196338
50.4407122,30.6196280
50.4173632,30.5437290
50.4333692,30.6001928
50.4339828,30.6008669
50.4127514,30.5327982
50.4129172,30.5322898
50.4151600,30.5385176
50.4154951,30.5400813
50.4213285,30.4560138
50.4153524,30.5562416
50.4156465,30.5566405
50.4409512,30.4899955
50.4512878,30.5216272
50.4745882,30.4395086
50.4794683,30.5825383
50.3705505,30.5418202
50.3705353,30.5406832
50.3324958,30.5591452
50.3704460,30.5491946
50.3462913,30.5530156
50.3462749,30.5524309
50.3509160,30.5512794
50.4467876,30.4211470
50.4465704,30.4325237
50.4468277,30.4262417
50.4468628,30.4328722
50.4041279,30.6857205
50.4477893,30.6029941
50.4455576,30.4323474
50.3772688,30.7055319
50.3480289,30.6173783
50.4702642,30.4457199
50.4744738,30.4415255
50.4742615,30.4414767
50.4715981,30.4409703
50.4701976,30.4450231
50.4710144,30.4412627
50.4218246,30.4837869
50.4170636,30.4551741
50.4254997,30.5000364
50.4345454,30.5134495
50.4206640,30.4892752
50.4673037,30.7158993
50.4589203,30.5909617
50.4584463,30.5909340
50.4557112,30.5932682
50.4561747,30.5934287
50.4475363,30.6049138
50.4074798,30.5115915
50.3661997,30.5567487
50.3692496,30.5221302
50.4044639,30.4865223
50.4042588,30.4865971
50.4375756,30.5923568
50.5036011,30.4341782
50.5047641,30.4567977
50.5095897,30.4089784
50.5082070,30.4090506
50.5262888,30.6201714
50.5290421,30.6281069
50.5178439,30.4793704
50.5175840,30.4805830
50.5177049,30.4694902
50.5180491,30.4667990
50.5182919,30.4627414
50.5178146,30.4639191
50.5200226,30.4581031
50.5228526,30.4591790
50.5250298,30.4629586
50.5231875,30.4599245
50.5196984,30.4566386
50.5190504,30.4583382
50.4185676,30.6230608
50.5171587,30.6264098
50.5177363,30.6268389
50.5213764,30.6279005
50.5144843,30.6249561
50.5123251,30.6233253
50.5210431,30.6276890
50.5193722,30.6271984
50.5227876,30.6214187
50.5101037,30.6215267
50.4953435,30.5745863
50.5076270,30.6190740
50.5072591,30.6184490
50.4973811,30.5960681
50.4952537,30.5619455
50.4973744,30.6001078
50.4975212,30.5995067
50.5039599,30.6153961
50.5037751,30.6149160
50.5093809,30.6205257
50.5007998,30.6108605
50.4881180,30.5201647
50.4991042,30.6072477
50.4975415,30.5954834
50.5126798,30.6239138
50.4975519,30.5910846
50.4128564,30.6655258
50.5082652,30.5882069
50.5203231,30.6087285
50.5151283,30.6040614
50.5066651,30.5850622
50.5084184,30.5889984
50.5132442,30.6013533
50.5153296,30.6045388
50.5167008,30.6058960
50.4854254,30.4986045
50.5199417,30.6083073
50.5258480,30.6284091
50.4917424,30.5752638
50.4878719,30.5844098
50.4945365,30.5777597
50.4941109,30.5765639
50.4806058,30.5882216
50.4801569,30.5882228
50.4871706,30.5841491
50.4855462,30.5930816
50.4924390,30.6038740
50.4900267,30.5909873
50.4902248,30.5939253
50.4906360,30.5989222
50.4926851,30.6040108
50.5188404,30.6183568
50.4901600,30.5929456
50.4907055,30.5983931
50.3701062,30.5282575
50.4711959,30.4743415
50.5133232,30.6127083
50.5113795,30.6173298
50.5145179,30.6097982
50.5108568,30.6178768
50.5100799,30.6204571
50.5141879,30.6098101
50.5264989,30.5970119
50.5297633,30.5926104
50.5261281,30.5973633
50.5306296,30.5931796
50.5251423,30.5996447
50.5196761,30.5967250
50.5308272,30.5932863
50.4893251,30.4904764
50.4894378,30.4953693
50.4893117,30.4872300
50.4881200,30.4981450
50.4889443,30.4954898
50.4889843,30.4907985
50.4310036,30.3925319
50.4302330,30.3918791
50.4821260,30.6321747
50.4713410,30.6419713
50.4741851,30.6397489
50.4762927,30.6386224
50.4790587,30.6365279
50.4922781,30.6093356
50.4707151,30.6420959
50.4797073,30.6363482
50.4806254,30.6267394
50.4893082,30.6100726
50.4896024,30.6104300
50.4382374,30.6511916
50.4476217,30.2813402
50.4473119,30.2811740
50.4782431,30.5950250
50.4792534,30.5952922
50.4586775,30.6034074
50.4587388,30.6038508
50.4688386,30.5987173
50.4814419,30.5945052
50.4119122,30.6457078
50.4228058,30.6066374
50.4264565,30.6794053
50.4259691,30.6839139
50.4257290,30.6834821
50.4250318,30.6873606
50.4251720,30.6882578
50.4243114,30.6922344
50.4240083,30.6930415
50.4233935,30.6973583
50.4213476,30.7053644
50.4215932,30.7046251
50.4199399,30.7075862
50.4196512,30.7076077
50.4091505,30.6957482
50.4093960,30.6956618
50.4295077,30.6157587
50.4164715,30.7070297
50.4161429,30.7068863
50.4117852,30.7003851
50.4288126,30.6679071
50.4265926,30.6803218
50.4489673,30.5230623
50.4744101,30.3958014
50.4631114,30.3959192
50.4668096,30.3958816
50.4717265,30.3959214
50.4789967,30.3959892
50.3633846,30.6837014
50.3624910,30.6902932
50.3670339,30.6993145
50.3945375,30.6273052
50.3969047,30.6235276
50.3966324,30.6242018
50.4396127,30.5163197
50.4744733,30.3510992
50.4068986,30.5170418
50.4880631,30.5269768
50.4676942,30.3961527
50.4754412,30.3960722
50.4591743,30.3959166
50.4625783,30.3962346
50.4776323,30.3957569
50.5109240,30.7078500
50.4833494,30.7113899
50.4879596,30.4798612
50.4883419,30.4799241
50.4142591,30.6243090
50.4155685,30.6250475
50.4220463,30.6020018
50.4771691,30.4499910
50.4795166,30.4532638
50.4796325,30.4529162
50.4828589,30.4646454
50.4502596,30.5972905
50.4096403,30.5275085
50.4191375,30.5483126
50.4850547,30.6043885
50.4851912,30.6041686
50.5141424,30.4423774
50.4751002,30.6394690
50.4668209,30.3313057
50.4170022,30.5146870
50.4958825,30.3606318
50.4962676,30.3605697
50.2613932,30.6188762
50.3955168,30.5018570
50.4902958,30.4056833
50.4907981,30.4070539
50.4909424,30.4076259
50.4913346,30.4060890
50.5510595,30.4790228
50.5507480,30.4788868
50.4948671,30.5071219
50.4327303,30.5552835
50.4326431,30.5562829
50.4359049,30.6464882
50.4357466,30.6467825
50.4377105,30.6507248
50.4056839,30.6133072
50.4383944,30.5260832
50.4535934,30.3266028
50.5175140,30.4353011
50.2521093,30.6251741
50.2524968,30.6252356
50.2456653,30.6297575
50.2700054,30.6124538
50.2706328,30.6123604
50.3899567,30.5266631
50.5002157,30.4437777
50.5003770,30.4440220
50.5004397,30.4491317
50.5005693,30.4481279
50.4570367,30.3788934
50.4557574,30.3651109
50.4560630,30.3654221
50.4534087,30.3285792
50.4580090,30.3930646
50.4643191,30.4468755
50.4512277,30.4443480
50.4313065,30.3846922
50.4554761,30.3640608
50.3863620,30.4370982
50.4571119,30.4466110
50.4568303,30.4469309
50.4432872,30.4426761
50.4626028,30.4424382
50.4403808,30.4446487
50.4350295,30.6058863
50.4187729,30.5929129
50.4466935,30.4195609
50.4458558,30.4422331
50.4348830,30.4344681
50.4318126,30.4325197
50.4431367,30.5139875
50.4404315,30.6280985
50.4652311,30.6271307
50.4414407,30.4796190
50.4424042,30.4803664
50.4416355,30.4815596
50.4648545,30.4778785
50.4642536,30.4788373
50.4235848,30.4640349
50.4248498,30.4609393
50.4562682,30.4857321
50.4568040,30.4855611
50.4508968,30.4832234
50.4550885,30.3552745
50.4554154,30.3600631
50.4598261,30.3467070
50.4627826,30.3456211
50.4623037,30.3454141
50.4643435,30.3484761
50.4550326,30.3569226
50.4644249,30.3553567
50.4650329,30.3545286
50.4449501,30.4808388
50.4446044,30.4810382
50.4714550,30.4725806
50.4694692,30.4730824
50.4573796,30.3844287
50.4616799,30.3379416
50.4597534,30.3382926
50.4890181,30.4230965
50.4994836,30.3647900
50.4413854,30.4311683
50.4414930,30.4332681
50.4639634,30.3420763
50.4646029,30.3476597
50.4710769,30.4647393
50.4710800,30.4639271
50.4716461,30.4591560
50.4720302,30.4581492
50.4721132,30.4557227
50.4723614,30.4557978
50.4569781,30.3465316
50.4307912,30.3845186
50.4386582,30.5213708
50.4697288,30.4567271
50.4699487,30.4524394
50.3776171,30.6061727
50.4346254,30.4544910
50.4362997,30.4594281
50.4371112,30.4606540
50.4381420,30.4659940
50.4374646,30.5012241
50.4399062,30.4981042
50.4748150,30.4789583
50.4749168,30.4789650
50.3779147,30.6059152
50.4344590,30.4338415
50.4440514,30.5428230
50.5228299,30.5009491
50.4392245,30.5024774
50.5010746,30.4426776
50.4533082,30.4692855
50.4533241,30.4692521
50.5221703,30.4511148
50.4650878,30.3550060
50.4693166,30.3358480
50.4697880,30.3296076
50.4732662,30.3318574
50.4699379,30.3295108
50.4651093,30.5111761
50.3097380,30.5713190
50.4455084,30.4952392
50.3417116,30.5334119
50.4319014,30.3942808
50.4705190,30.4419436
50.4730709,30.4473662
50.4284791,30.4461693
50.4269605,30.4442961
50.4247557,30.4449702
50.4229428,30.4511197
50.4274130,30.4500318
50.4250908,30.4580468
50.4672786,30.4723394
50.4514985,30.2965902
50.3693290,30.5192100
50.4430394,30.6235686
50.4124124,30.5260745
50.4188288,30.4333823
50.4189156,30.4338193
50.4159950,30.4313172
50.4383422,30.4868621
50.4472176,30.4256049
50.5814269,30.4480121
50.4624740,30.5870163
50.4518946,30.5980817
50.4515301,30.5985220
50.4672359,30.5834659
50.4715125,30.5795289
50.4738712,30.5776787
50.4765448,30.5751825
50.4764575,30.5753893
50.4797495,30.5725703
50.4828467,30.5698401
50.4827122,30.5698308
50.4300804,30.4249831
50.4318885,30.4226084
50.4304440,30.4246376
50.4290929,30.4307110
50.4289605,30.4295231
50.4509000,30.6299979
50.4508153,30.6304774
50.5551913,30.4934096
50.4778048,30.5328286
50.4786150,30.5329744
50.3919806,30.4578383
50.4458226,30.4162622
50.4451964,30.4136177
50.4114437,30.4374201
50.4117478,30.4382717
50.4106368,30.4382730
50.4958055,30.3606442
50.4938503,30.3607936
50.4960366,30.3606069
50.4961136,30.3605945
50.4957285,30.3606567
50.4959595,30.3606194
50.4961906,30.3605821
50.4927423,30.3650395
50.5067805,30.4104535
50.4772746,30.3564858
50.5142718,30.4387377
50.5140205,30.4342750
50.5130547,30.4350448
50.4322130,30.4550822
50.4218818,30.5986296
50.5527514,30.3350847
50.4411040,30.5496857
50.4434710,30.5462050
50.4024870,30.6863992
50.4020990,30.6866057
50.4575833,30.3929859
50.4267468,30.6378780
50.4080695,30.6197458
50.4085702,30.6270082
50.4078830,30.6202652
50.4013931,30.6329837
50.4154632,30.4484147
50.4312369,30.6526848
50.4889114,30.4230420
50.4633084,30.3559949
50.4823668,30.5863660
50.4876123,30.5924211
50.3646710,30.4666196
50.3709170,30.4571425
50.4325332,30.6127050
50.4310574,30.4552775
50.4190713,30.3738635
50.5276689,30.3650242
50.4674442,30.5830974
50.4318251,30.5441645
50.4258134,30.5273969
50.3917570,30.6357712
50.4413283,30.5594603
50.4983774,30.6206343
50.4020132,30.6207551
50.3702998,30.5336676
50.4322589,30.6145538
50.4730949,30.6351138
50.3945667,30.4260371
50.3944062,30.4257129
50.4626371,30.4419319
50.4186973,30.4524775
50.4250956,30.4613482
50.4277291,30.4582199
50.4291316,30.4654921
50.4301534,30.4613104
50.5657684,30.4719219
50.5672650,30.4759543
50.5673864,30.4750717
50.4952493,30.5822781
50.4549799,30.3874521
50.4046125,30.6223350
50.5289994,30.6239196
50.4738350,30.6780328
50.4741256,30.6777971
50.4082656,30.4036961
50.4433279,30.3591414
50.4166139,30.6228984
50.4226701,30.6212678
50.4203397,30.6200280
50.4617426,30.4801353
50.4742772,30.4997221
50.4952013,30.5575839
50.4516850,30.4449240
50.4415936,30.6235585
50.4300271,30.6454555
50.4596815,30.3470025
50.4598451,30.3472028
50.4885429,30.4244583
50.4230136,30.6441433
50.4196044,30.6412029
50.4197157,30.6418795
50.4223157,30.6413502
50.4388157,30.5199032
50.4398741,30.5221738
50.4900271,30.4486987
50.4900565,30.4483937
50.4911949,30.4559075
50.4910867,30.4529680
50.4922407,30.4605525
50.4920583,30.4593438
50.4865541,30.4410711
50.4276110,30.5985624
50.4277478,30.5973742
50.4275896,30.5962744
50.4365953,30.6119894
50.4352314,30.4577623
50.4447796,30.5390114
50.4455844,30.5395025
50.5300950,30.4545442
50.5302346,30.4548928
50.4356740,30.4700458
50.4642661,30.6369419
50.4748379,30.3463389
50.4750858,30.3464015
50.4746317,30.3410532
50.4779118,30.3428410
50.4779358,30.3441263
50.4776440,30.3459587
50.4581170,30.4002405
50.4583650,30.3987027
50.5201516,30.4491703
50.4121407,30.6255709
50.4078131,30.6280919
50.5182979,30.5954404
50.5234579,30.6061640
50.4772790,30.6276691
50.3904610,30.6256404
50.3752311,30.5934029
50.5376689,30.4564943
50.5381905,30.4567471
50.5478960,30.4554017
50.5509310,30.4541342
50.5511083,30.4543192
50.5655080,30.4531370
50.5665949,30.4584883
50.5666856,30.4638819
50.4035294,30.6309280
50.4047314,30.6316417
50.4565369,30.5009639
50.4541856,30.5051669
50.4102386,30.6466751
50.4062237,30.6491323
50.4022926,30.6518135
50.4142180,30.6468767
50.4064958,30.6498308
50.5651544,30.4528099
50.3680814,30.7030179
50.3647386,30.6954537
50.3651587,30.6959783
50.3705236,30.7064542
50.3682286,30.7029446
50.3701733,30.7056944
50.4702264,30.6649604
50.4705404,30.6649368
50.4720680,30.6716526
50.4723670,30.6714747
50.4739517,30.6296069
50.4168038,30.5934975
50.3988642,30.4203667
50.5430962,30.4869964
50.5258970,30.4572167
50.4122776,30.4838351
50.4158674,30.4793795
50.4146808,30.4798328
50.4129865,30.4831202
50.4181357,30.4765249
50.4915819,30.4284564
50.4915163,30.4295297
50.4905320,30.4248656
50.5250328,30.5848500
50.5261185,30.3662096
50.5282480,30.3648121
50.5261919,30.3666850
50.5408924,30.3534867
50.5341635,30.3563560
50.5374665,30.3556458
50.4679816,30.4712858
50.4665236,30.4703401
50.4501379,30.2824624
50.4511932,30.2967036
50.4481176,30.2539608
50.5330277,30.5999211
50.5332888,30.6045439
50.5330254,30.6051283
50.5329677,30.6110256
50.5327159,30.6112635
50.5319032,30.6157004
50.5316241,30.6155337
50.4858155,30.5340579
50.4859986,30.5344419
50.4812118,30.5381265
50.4736818,30.5330301
50.4742127,30.5330680
50.4648173,30.5255202
50.4670140,30.5220115
50.5164300,30.3599641
50.5225003,30.5008008
50.3989690,30.4855392
50.5227167,30.5103436
50.5223617,30.5110505
50.5226867,30.5065565
50.5224613,30.5071527
50.4340128,30.2548815
50.4417944,30.2532799
50.5434129,30.4848605
50.3084738,30.5718909
50.4698085,30.4725385
50.4008035,30.6149777
50.3983129,30.4188665
50.5371679,30.3564745
50.5529020,30.3356635
50.5325912,30.3584656
50.5435639,30.3503593
50.5408528,30.3539316
50.5483175,30.3440049
50.5504782,30.3410412
50.4889102,30.3901566
50.4910222,30.3847301
50.4599317,30.4057638
50.4583271,30.4039690
50.5436402,30.3503753
50.3926205,30.5229804
50.3942866,30.5202349
50.3973755,30.5111257
50.3902302,30.5267712
50.4243524,30.4580933
50.4586541,30.5256864
50.4417761,30.5198363
50.4432374,30.5208440
50.4107851,30.3878439
50.4482645,30.2512773
50.4303633,30.2544006
50.4529414,30.3220651
50.4532583,30.3219659
50.4503217,30.2793448
50.5333942,30.4563764
50.5473042,30.4553673
50.4624029,30.4657348
50.4642581,30.5161580
50.4885159,30.4740848
50.4912953,30.4697916
50.4898245,30.4714113
50.4956799,30.5742688
50.4892746,30.3647243
50.5473888,30.3033449
50.5199396,30.4491600
50.4002553,30.6865239
50.4004644,30.6865718
50.4092031,30.6714797
50.3978612,30.6911154
50.3922792,30.6963663
50.3875316,30.6908120
50.3834757,30.6963626
50.3815955,30.6990486
50.3780438,30.7040157
50.4401203,30.4415474
50.4331845,30.4008542
50.4581324,30.4200256
50.4444201,30.4107297
50.3714132,30.5478612
50.4896149,30.7356536
50.4864081,30.7238778
50.4899639,30.7355339
50.4830724,30.7116152
50.4589795,30.4052586
50.5223211,30.4451875
50.4569997,30.3835114
50.4951451,30.4060256
50.4947430,30.4056501
50.4781649,30.4056707
50.4471201,30.5221153
50.4588489,30.4120129
50.4578973,30.4200866
50.4503531,30.4185080
50.5668654,30.4634744
50.2942601,30.5837467
50.4371425,30.4528098
50.4403862,30.4440769
50.4697850,30.4129927
50.4227893,30.4664012
50.4079511,30.4931120
50.4223915,30.4668050
50.4153571,30.4478891
50.4182399,30.4516149
50.3898831,30.4323213
50.3718012,30.4570228
50.4153623,30.6486399
50.4873637,30.6308560
50.4870409,30.6313532
50.4554568,30.5055047
50.4355788,30.3788771
50.4359386,30.3807324
50.4365485,30.3831866
50.4363866,30.3820633
50.4380303,30.3876236
50.4406067,30.3848900
50.4411997,30.3847985
50.4438081,30.3892199
50.4486867,30.3886669
50.4142041,30.4234291
50.4443691,30.3896270
50.4079640,30.4078112
50.4375108,30.3864808
50.4494431,30.3887558
50.4071123,30.4077381
50.4093613,30.4125339
50.4118487,30.4089338
50.4124141,30.4093263
50.4120637,30.4107822
50.4131016,30.4287258
50.4125223,30.4177241
50.4096631,30.3998909
50.4105359,30.4041574
50.4112316,30.3967233
50.4164504,30.3916593
50.4115023,30.3960291
50.4196949,30.3736551
50.4217179,30.3698213
50.4520853,30.3577860
50.4250463,30.3692665
50.4077333,30.4040074
50.4251308,30.3746568
50.4195839,30.3890746
50.4121430,30.3967087
50.4156766,30.3952302
50.4259895,30.3850205
50.4389263,30.3752690
50.4319288,30.3701484
50.4086598,30.4008228
50.4159216,30.3921375
50.4298423,30.3652639
50.4257302,30.3843910
50.4103518,30.4153557
50.3701056,30.5501335
50.3644222,30.5499600
50.4347513,30.3755064
50.4347700,30.3761083
50.4267121,30.3758746
50.4284166,30.3807751
50.4381815,30.4343994
50.4376470,30.4359861
50.4395220,30.4240288
50.4751425,30.5132323
50.4744237,30.5156508
50.4744686,30.5159820
50.4753279,30.5129019
50.4751901,30.5090259
50.4229489,30.3778076
50.3917161,30.4681334
50.5058743,30.4537393
50.5049800,30.4575957
50.5057441,30.4637851
50.5058663,30.4681611
50.5066631,30.4737733
50.5125413,30.4962114
50.5124669,30.5013470
50.5130394,30.5063972
50.5167924,30.5114866
50.5202827,30.5135537
50.5240431,30.5149491
50.5265857,30.5162779
50.5267410,30.5162802
50.5267654,30.5165680
50.5243505,30.5156835
50.5210785,30.5139213
50.5169148,30.5120919
50.5119515,30.5005370
50.5120149,30.4963770
50.5066337,30.4755338
50.5058564,30.4700921
50.5055798,30.4654634
50.5053391,30.4487701
50.5017563,30.4960001
50.4559452,30.4736165
50.4428100,30.5214878
50.4403608,30.5225060
50.4551290,30.6337459
50.4644393,30.5172356
50.4645066,30.4306491
50.4498612,30.2808215
50.4525403,30.3106937
50.4376766,30.4103343
50.4381934,30.4107627
50.4513218,30.4344902
50.4526513,30.5016468
50.4526829,30.5020170
50.4553494,30.5155908
50.4737338,30.6713325
50.4680082,30.6556181
50.4839813,30.6693335
50.4839830,30.6691230
50.4853842,30.6691914
50.4799943,30.6691766
50.4800746,30.6693349
50.4721466,30.6648744
50.4693703,30.6605355
50.4711214,30.6612600
50.4734733,30.6695803
50.4815168,30.6693362
50.4817728,30.6691538
50.4759234,30.6698418
50.4763262,30.6697412
50.4755076,30.6759368
50.4672217,30.5135232
50.4874497,30.7243761
50.4148963,30.4642219
50.4095066,30.6704426
50.4148416,30.6617989
50.4150274,30.6619942
50.4374562,30.5205906
50.4317882,30.5133836
50.3828575,30.4595806
50.4060051,30.6172388
50.3975225,30.4793972
50.3973806,30.4794214
50.3921373,30.4728307
50.3922493,30.4722373
50.4884469,30.5122242
50.4195919,30.4799842
50.4673869,30.5199699
50.4796665,30.3404901
50.4261048,30.3673053
50.4545801,30.3417584
50.3773223,30.4701706
50.3772735,30.4703050
50.3772176,30.4705549
50.3772392,30.4704440
50.5287984,30.6198017
50.3955548,30.6321765
50.4481716,30.4922024
50.4931796,30.3636092
50.4811720,30.4783873
50.3245698,30.5624945
50.4300159,30.6444208
50.4207580,30.4574530
50.4365030,30.4102315
50.4358453,30.4112199
50.4363752,30.4132424
50.4392312,30.4135385
50.4367060,30.4109860
50.4360999,30.4108945
50.4206126,30.4568567
50.5114614,30.6123475
50.4999963,30.4520580
50.4368308,30.4914036
50.4417230,30.4993253
50.4407274,30.5138783
50.4666735,30.5135182
50.5291866,30.6236311
50.4866969,30.7236953
50.2962422,30.5333005
50.4599580,30.5384764
50.4752866,30.5063489
50.4751067,30.5065207
50.4531058,30.3882310
50.4526332,30.3881026
50.3895937,30.6252240
50.3891082,30.6252603
50.3860468,30.6261440
50.3856601,30.6264890
50.3929172,30.6233483
50.3929324,30.6232079
50.3934156,30.6200070
50.4024071,30.6221178
50.4042368,30.6223592
50.4246606,30.6256530
50.4260931,30.6317064
50.4271691,30.6351775
50.3904930,30.5308626
50.3687629,30.4572842
50.4104575,30.4047543
50.4183465,30.4007541
50.4149550,30.4235726
50.4168784,30.4243069
50.4162150,30.4237676
50.4207868,30.3766295
50.4196896,30.4251447
50.4228837,30.4262954
50.4878704,30.6412927
50.4888892,30.6375081
50.4891367,30.6318728
50.4889677,30.6318513
50.4885783,30.6377942
50.4866025,30.6441653
50.4854171,30.6430735
50.3992082,30.5295893
50.5225235,30.4971793
50.5236563,30.4995137
50.4915531,30.5234975
50.5150193,30.4914955
50.5151049,30.4917207
50.5239082,30.4995103
50.5240566,30.4995163
50.5244795,30.4995396
50.5246746,30.4995368
50.4811201,30.5940388
50.4722545,30.5031371
50.3903476,30.5267531
50.4939558,30.3643381
50.4223887,30.4828624
50.4232927,30.4807708
50.4263523,30.5045658
50.4554373,30.5183804
50.4520105,30.5222455
50.4939072,30.5211211
50.3907537,30.4660527
50.3925160,30.4762690
50.3928512,30.4798738
50.4749832,30.6197866
50.4704912,30.6245283
50.4215509,30.5451899
50.4244552,30.5421947
50.4400961,30.5448663
50.4647929,30.6360841
50.4142764,30.6452291
50.4566841,30.6375756
50.4666315,30.3313312
50.4028388,30.5368103
50.5035904,30.5058572
50.4910251,30.5070467
50.5028873,30.6240817
50.4796696,30.6361892
50.5113473,30.4304290
50.5098721,30.4410994
50.5201744,30.4371508
50.5200934,30.4371815
50.5134315,30.4329998
50.5116968,30.4355365
50.4920974,30.4256796
50.4927189,30.4243205
50.4894956,30.4210623
50.4891912,30.4215394
50.4908125,30.4141701
50.4909489,30.4130865
50.4902800,30.4171934
50.4906317,30.4165976
50.5122257,30.4253290
50.5485404,30.4863178
50.4698026,30.4674429
50.4694951,30.4675540
50.4724768,30.4059853
50.4716628,30.4057115
50.4703634,30.4059988
50.4702543,30.4210908
50.4646479,30.6444548
50.4925593,30.5610543
50.5667117,30.4639132
50.4114747,30.6275011
50.4994878,30.6214914
50.3918292,30.4578875
50.4757810,30.6386640
50.4699015,30.5107294
50.4380478,30.5254349
50.5208111,30.4805505
50.5206679,30.4805452
50.4340798,30.6036251
50.5085853,30.5073909
50.5125883,30.4971844
50.3542934,30.5415042
50.3544414,30.5418025
50.3589289,30.5440855
50.3626709,30.5456577
50.3556623,30.5422792
50.3580788,30.5435820
50.3632691,30.5460402
50.4472113,30.5217110
50.5269028,30.5162383
50.5140097,30.5082248
50.5145200,30.4991155
50.5120122,30.4970612
50.5226659,30.4948014
50.5197652,30.4914747
50.5124840,30.4832735
50.5101839,30.4841662
50.5052789,30.4898194
50.5107298,30.4979378
50.5100199,30.4990418
50.5046513,30.4978073
50.5046627,30.4988889
50.4769011,30.4300743
50.5015952,30.5007715
50.5013927,30.5009838
50.5013875,30.5013095
50.4827353,30.5282661
50.4827733,30.5268734
50.4826959,30.5313648
50.4834440,30.5026022
50.4835843,30.5021537
50.4787583,30.4977461
50.4797756,30.4983979
50.3741587,30.4650076
50.3761071,30.4671319
50.4019491,30.6338518
50.4523040,30.3573217
50.5081124,30.4460117
50.3764001,30.7063875
50.3807033,30.7000779
50.3836889,30.6956782
50.3874050,30.6904136
50.3899910,30.6934502
50.3925631,30.6964251
50.3960918,30.6939259
50.3677498,30.6995140
50.3626614,30.6904331
50.5540274,30.6986023
50.4006187,30.5077213
50.4005281,30.5072545
50.3991419,30.5033660
50.3991789,30.5028773
50.3986288,30.5004786
50.3988655,30.4996764
50.4059086,30.5134560
50.4047301,30.5130132
50.3886971,30.5425404
50.3709055,30.5169060
50.3697529,30.5279107
50.4549015,30.3523700
50.4552483,30.3523629
50.4341165,30.3732464
50.4187018,30.4916350
50.4431701,30.4954053
50.4423439,30.4921804
50.4648590,30.6455436
50.4651547,30.6453430
50.4677009,30.6557846
50.4769307,30.6892321
50.4455964,30.2527728
50.4454220,30.2526586
50.4521161,30.3101206
50.4257559,30.4770610
50.4360394,30.5201577
50.4211244,30.4548096
50.4256486,30.4902819
50.3849726,30.6937531
50.3851508,30.6929645
50.3973915,30.6915864
50.4975856,30.3645211
50.4516303,30.5259281
50.3725325,30.5457071
50.3724914,30.5447842
50.3769866,30.7059967
50.4039005,30.6804189
50.4061965,30.6766193
50.4066751,30.6759587
50.4125924,30.6660018
50.4217434,30.6574209
50.4258783,30.6543203
50.4312004,30.6489996
50.4192825,30.6557961
50.4385082,30.5262860
50.4372016,30.5310606
50.4384706,30.5371570
50.4217546,30.4550867
50.4510566,30.4341920
50.4556849,30.4413971
50.4703923,30.4619681
50.4836784,30.4618120
50.4830500,30.4562902
50.4826567,30.4521476
50.4618712,30.4745431
50.4595618,30.4737472
50.4725646,30.4836112
50.4540448,30.5174299
50.4884972,30.4244316
50.4443135,30.6250437
50.4451231,30.5000654
50.4439905,30.4979325
50.4363745,30.5078882
50.4541992,30.5352830
50.4567957,30.5300790
50.4229165,30.4863785
50.4349969,30.5544510
50.4365303,30.4885622
50.4141360,30.4430170
50.4081760,30.5180695
50.4703535,30.4631185
50.4713007,30.4056922
50.4568018,30.4307550
50.4585274,30.4202503
50.4586669,30.4215724
50.4565882,30.3470762
50.4554191,30.6388912
50.4717789,30.4843450
50.4367567,30.5531732
50.4669830,30.3332889
50.4653106,30.3287873
50.5083059,30.4322075
50.5091484,30.4313289
50.5121221,30.4260441
50.4170550,30.5487572
50.5124253,30.4235633
50.3984988,30.5139468
50.3947606,30.5196426
50.3926244,30.5230307
50.3930123,30.5224021
50.3930366,30.5224715
50.3875523,30.5176402
50.3874797,30.5173414
50.4432561,30.5156204
50.3961157,30.4902798
50.4502992,30.4531172
50.4715754,30.5797047
50.4068341,30.4906711
50.4073637,30.4912770
50.4059534,30.4973254
50.4035857,30.4946170
50.3996167,30.4955578
50.3999646,30.4996441
50.3720421,30.4618371
50.4053918,30.5195152
50.4586164,30.4023885
50.3964260,30.4916237
50.4360384,30.5123308
50.4323383,30.5161952
50.4511451,30.5232915
50.4495623,30.5231649
50.4485675,30.5142728
50.4522380,30.5157794
50.3924330,30.4495096
50.3923201,30.4498100
50.3923863,30.4535929
50.3924877,30.4534811
50.4347567,30.6131846
50.4370198,30.6109248
50.3932747,30.4335232
50.3937976,30.4411832
50.3929516,30.4379259
50.3922700,30.4452229
50.3921605,30.4452248
50.3939374,30.4342191
50.3933506,30.4366259
50.3940407,30.4397441
50.4437310,30.4939485
50.4304957,30.5357761
50.4300756,30.5355920
50.4519264,30.3120222
50.4450193,30.2815238
50.4158318,30.5079711
50.4191472,30.5168667
50.4184825,30.5159980
50.4118531,30.5162789
50.4131561,30.5161612
50.3893453,30.5404823
50.3702154,30.5301504
50.3702597,30.5296279
50.4030198,30.5016437
50.4016044,30.4949234
50.3677867,30.5540392
50.3651976,30.5464830
50.3900809,30.5370646
50.3899671,30.5370381
50.4362891,30.5532583
50.4033481,30.5370476
50.4254769,30.5419097
50.4097545,30.4943540
50.4106014,30.4978306
50.4096171,30.4933035
50.4107548,30.4977959
50.4396349,30.5510097
50.4512011,30.5285309
50.4476004,30.5354321
50.4516918,30.5285653
50.4395726,30.5508204
50.4480404,30.5348106
50.4366260,30.5461002
50.4440797,30.5420667
50.4013188,30.4806037
50.4013784,30.4809171
50.4226964,30.4757073
50.4186591,30.4862198
50.4175320,30.4903661
50.4186937,30.4821833
50.4219462,30.4340672
50.4216135,30.4348913
50.4546129,30.3465959
50.4539465,30.3373879
50.4542244,30.3364451
50.4380802,30.4199688
50.4384516,30.4198837
50.4375637,30.4190303
50.4333076,30.4129994
50.4339410,30.4208388
50.4281997,30.4297478
50.4278579,30.3936556
50.4262988,30.3937425
50.4246075,30.3930753
50.4238859,30.3923196
50.4145445,30.3852452
50.4147991,30.3813520
50.4170091,30.3778195
50.4238193,30.3678498
50.4482358,30.3583145
50.4450724,30.5187430
50.4454641,30.5174888
50.4105799,30.5176766
50.4251180,30.5616169
50.4267379,30.5546370
50.3971658,30.5596143
50.3969896,30.5591800
50.4032318,30.5665894
50.4043345,30.5587640
50.4062235,30.5549198
50.4094902,30.5543505
50.4117384,30.5574055
50.4073791,30.5586071
50.4916605,30.3835259
50.4896861,30.3885537
50.4646527,30.5174746
50.4649262,30.5099627
50.5206192,30.4512519
50.5205776,30.4504150
50.5153453,30.3637138
50.5015931,30.4960084
50.4288618,30.4814554
50.4288157,30.4805978
50.4637310,30.3380783
50.4635827,30.3374036
50.4951943,30.3649315
50.4682096,30.5093577
50.4686779,30.5098848
50.4240505,30.3686168
50.4204519,30.5472170
50.3526707,30.6120643
50.3242686,30.5622560
50.3195548,30.5643699
50.5051098,30.5107495
50.4808354,30.5326493
50.3863200,30.5721676
50.3899233,30.5649606
50.3900661,30.5649881
50.4066063,30.6110606
50.4097169,30.6008938
50.4097632,30.6014255
50.4678104,30.5152933
50.4359458,30.6449879
50.4407238,30.6332089
50.4374737,30.6423556
50.4388873,30.6399245
50.4690555,30.5171834
50.4700727,30.5188153
50.4822641,30.4990925
50.4719936,30.5199796
50.4826605,30.5210468
50.4832094,30.5111483
50.4356994,30.4891808
50.4709696,30.5089750
50.4058852,30.4090467
50.4593021,30.4118125
50.4214149,30.5152103
50.4213398,30.5155171
50.4701934,30.5212587
50.4691125,30.5082197
50.4709280,30.5020259
50.4739280,30.5042321
50.4466045,30.4664660
50.4467667,30.4536944
50.4786817,30.4932571
50.4762012,30.4966199
50.4519004,30.4773468
50.4819510,30.5330175
50.4147976,30.6497243
50.4108801,30.6521221
50.4101956,30.6525383
50.4037329,30.6507210
50.3946477,30.6084770
50.3943826,30.6095043
50.3900783,30.6367570
50.3936663,30.6517366
50.2411732,30.6329201
50.2417665,30.6328326
50.3507000,30.6150100
50.3497100,30.6164000
50.3781100,30.5931000
50.3784100,30.5931800
50.3633500,30.6058200
50.3634200,30.6060600
50.3731400,30.6071500
50.3730200,30.6073300
50.5453926,30.3478652
50.5459800,30.3472700
50.5428800,30.3569300
50.5426100,30.3567100
50.5350700,30.3557300
50.3635593,30.6861971
50.3627700,30.6857200
50.4161262,30.6663221
50.4531373,30.6846544
50.4520849,30.6740971
50.4497288,30.6763033
50.4432686,30.6658856
50.4205493,30.6344065
50.4286256,30.6582599
50.4304057,30.6571669
50.4305702,30.6579297
50.4782168,30.7119573
50.4780398,30.7118546
50.4182217,30.6635641
50.4159027,30.6672462
50.4411038,30.6625007
50.4411817,30.6618972
50.4438325,30.6675363
50.4443226,30.6678235
50.4453828,30.6703866
50.4312140,30.6541614
50.4419281,30.6415267
50.4197122,30.6341864
50.4531773,30.6000740
50.4458500,30.6122400
50.4236976,30.6387148
50.4454304,30.6698810
50.4654171,30.6410400
50.4654878,30.6407824
50.4657803,30.6423618
50.4663681,30.6480123
50.4663948,30.6481364
50.4864834,30.6797674
50.4867168,30.6035133
50.4869861,30.6056068
50.4873052,30.6078187
50.4626384,30.6131633
50.4634080,30.6200294
50.4710518,30.6318645
50.4725102,30.5995515
50.4864213,30.6031582
50.4867298,30.6026890
50.4713700,30.6144900
50.4714200,30.6151500
50.4800064,30.6067345
50.4803572,30.6059760
50.4624893,30.6131215
50.4686900,30.5820100
50.4688600,30.5820700
50.4611754,30.6149418
50.4860243,30.5987661
50.4638705,30.6096480
50.4578723,30.6086556
50.4576459,30.6084432
50.4641885,30.6077007
50.4704310,30.6570164
50.4741973,30.5922971
50.4744027,30.5921366
50.4757383,30.5895222
50.4762963,30.5896698
50.4887323,30.6019853
50.4964814,30.6197203
50.4962133,30.6192309
50.4883828,30.6073165
50.4895812,30.6063856
50.4682563,30.6337129
50.4627600,30.5900800
50.4711555,30.6315972
50.5233566,30.5859876
50.5229726,30.5860449
50.5155676,30.5843880
50.5160461,30.5847246
50.5117585,30.5807327
50.5095951,30.5793759
50.5070426,30.5791530
50.5071497,30.5836151
50.5105608,30.5919127
50.5105255,30.5910344
50.5116338,30.5948506
50.5116327,30.5944371
50.5256295,30.6078727
50.5085371,30.6409328
50.5138191,30.5829452
50.5136968,30.5830254
50.5287114,30.6563254
50.5127977,30.6410177
50.5128518,30.6408467
50.5286034,30.6082866
50.5297798,30.6642585
50.5111895,30.6390800
50.5098939,30.6381395
50.5068475,30.6329813
50.5070025,30.6319007
50.5055454,30.5810283
50.5289954,30.5934764
50.5098166,30.5796883
50.5070964,30.5792780
50.5118164,30.5810266
50.5181071,30.5850380
50.5172522,30.5847120
50.5205345,30.5854871
50.5202408,30.5855545
50.5283658,30.5863836
50.5285125,30.5862005
50.5291288,30.6051439
50.5292932,30.6044827
50.5291476,30.6076689
50.5254996,30.6082068
50.3890465,30.5734078
50.4021355,30.5742647
50.3522201,30.5405471
50.3525441,30.5409300
50.3491795,30.5381345
50.3489914,30.5381289
50.3458707,30.5348176
50.4547569,30.4851237
50.4539724,30.4844622
50.4191926,30.5470782
50.4321297,30.4884154
50.4322581,30.4882727
50.4297917,30.4877241
50.4294766,30.4867015
50.4510804,30.5429947
50.4451532,30.5547080
50.4286532,30.5673603
50.4424520,30.5574971
50.3866497,30.4803668
50.4423577,30.4365840
50.4186772,30.5502378
50.4543105,30.4174819
50.4117637,30.5544068
50.3997500,30.5184200
50.4547657,30.4176300
50.4040343,30.5517639
50.4414602,30.4168133
50.4395159,30.4084554
50.4405696,30.4083506
50.4544200,30.3433600
50.4586900,30.4733100
50.3985007,30.5114519
50.3822425,30.4777004
50.4517219,30.4994583
50.4515334,30.4993212
50.4268240,30.3743087
50.4609339,30.4473809
50.4607152,30.4469931
50.4978095,30.4629841
50.4981342,30.4629961
50.5002702,30.4607690
50.4998899,30.4614840
50.5030337,30.4987841
50.4922100,30.4692300
50.4937885,30.4665602
50.4942663,30.4486816
50.4770688,30.4136441
50.4723509,30.4148185
50.4712217,30.4144401
50.4664100,30.4162024
50.4915345,30.3656084
50.4935300,30.4674100
50.4852359,30.4837418
50.4855260,30.4838453
50.4835059,30.5093585
50.4929358,30.4439539
50.4930127,30.4434063
50.4670566,30.4143824
50.4699661,30.4154546
50.4629583,30.4555537
50.4629363,30.4604876
50.5215788,30.4983062
50.5216000,30.4993400
50.4884927,30.5012510
50.4767300,30.4865400
50.4768932,30.4867293
50.5241033,30.4604027
50.4988065,30.5164522
50.5111266,30.4212707
50.4694298,30.4844742
50.4678491,30.4859841
50.4983746,30.5052450
50.4987800,30.5052900
50.4776700,30.4131643
50.4772946,30.4144537
50.4767864,30.4251712
50.4644100,30.4738200
50.4639100,30.4748500
50.5175364,30.4498609
50.5162900,30.4495800
50.4837636,30.4752593
50.4226516,30.4309488
50.4164356,30.6311984
50.4343321,30.5302896
50.4506041,30.6133156
50.4647250,30.6449635
50.4173434,30.3876172
50.4199876,30.3819924
50.4203015,30.3818710
50.4553133,30.5109669
50.4932950,30.5212817
50.3823298,30.4413759
50.4380914,30.4856208
50.4502102,30.4340789
50.4481786,30.4333419
50.4417255,30.4326524
50.4504676,30.4664712
50.4537154,30.4354261
50.4130925,30.5695419
50.4127447,30.5701164
50.4258498,30.5592281
50.4826089,30.4507703
50.4832268,30.4563775
50.4968058,30.4556492
50.4209646,30.5000485
50.3908383,30.6373522
50.4666279,30.3558529
50.5664844,30.4580096
50.4954151,30.4592660
50.5082111,30.4209923
50.4581302,30.4197405
50.5161872,30.3617299
50.5179015,30.4638966
50.4801850,30.4450673
50.5167523,30.3619866
50.4746561,30.4388798
50.4798875,30.4463378
50.4776423,30.4509616
50.4432982,30.4402100
50.4359018,30.4114746
50.4298128,30.3880032
50.4219174,30.3833890
50.4195966,30.3893343
50.4340974,30.4031232
50.4360734,30.4105274
50.4855390,30.4979170
50.4456974,30.5389430
50.4343301,30.3744721
50.4324893,30.3694849
50.4487798,30.3887294
50.4587357,30.4039442
50.4309711,30.3845921
50.4338610,30.3841498
50.4361056,30.3827511
50.4341082,30.3685799
50.4362968,30.3675406
50.4375889,30.3704917
50.4396924,30.3779494
50.4396311,30.3780478
50.4380911,30.3728896
50.4343292,30.3687215
50.4352108,30.3836775
50.4279253,30.3805367
50.4226145,30.3782058
50.3800373,30.4740572
50.4229824,30.5047427
50.4048649,30.5284775
50.5284683,30.6209431
50.5272995,30.6200118
50.4461247,30.4663397
50.4118184,30.4325258
50.4371056,30.5323600
50.4171837,30.5132916
50.4023130,30.6266439
50.4021144,30.6273302
50.3201056,30.5367346
50.3192689,30.5360457
50.4211312,30.3907397
50.4334153,30.6326745
50.3953351,30.6158739
50.4058490,30.6121064
50.4203603,30.3817774
50.5199706,30.4495448
50.4645202,30.6439093
50.4635052,30.6451684
50.4633019,30.3555358
50.4916642,30.4900914
50.3914461,30.4617330
50.4412739,30.5491068
50.4690906,30.6328436
50.4872951,30.6417031
50.4736151,30.6368245
50.4747282,30.6203144
50.4625454,30.6281806
50.4657991,30.6263148
50.4906265,30.4709189
50.4452827,30.6266620
50.4345175,30.5307993
50.4382279,30.5260710
50.4436646,30.5132656
50.5100487,30.4291625
50.5063299,30.4357034
50.5037436,30.4395342
50.5142205,30.4221878
50.4929820,30.4635058
50.4663754,30.4705118
50.4899784,30.4661849
50.4877684,30.4699314
50.5050769,30.4382365
50.5073523,30.4344326
50.5112295,30.4276625
50.5206022,30.4517815
50.4137056,30.4553977
50.4144074,30.4550372
50.5210486,30.4480825
50.4807922,30.4897574
50.5042293,30.4239405
50.5076976,30.4208098
50.4553175,30.5120064
50.5082297,30.4039279
50.5096248,30.3969655
50.4975311,30.3843867
50.5095587,30.3970094
50.4934634,30.3792604
50.4975943,30.3847078
50.5093251,30.3964927
50.5081133,30.4040674
50.5090217,30.3961848
50.4975550,30.4393514
50.4974427,30.4394165
50.4861837,30.3969507
50.5263409,30.4561705
50.4545048,30.5166178
50.4922644,30.4358596
50.4979862,30.6048656
50.5235262,30.6281251
50.5200216,30.6275759
50.5291800,30.5929699
50.5318373,30.5962482
50.4130485,30.4293596
50.4196699,30.4808137
50.4191979,30.4801876
50.3746160,30.4517585
50.4980690,30.6126562
50.4476640,30.4933195
50.5321559,30.6086996
50.4870877,30.4982297
50.4417963,30.6414137
50.4652672,30.5249075
50.4686509,30.5203531
50.4589273,30.5247885
50.4284501,30.6392114
50.4292339,30.6525992
50.4708516,30.5190432
50.4689059,30.5160728
50.4828128,30.5205613
50.4022033,30.6544367
50.4233727,30.4281436
50.4234508,30.4281815
50.4454346,30.4158084
50.5296551,30.6571315
50.4824411,30.4990679
50.5225322,30.6507225
50.5221300,30.6499885
50.4333166,30.3998221
50.4214158,30.3912395
50.4394933,30.4254896
50.4818132,30.3957832
50.5043741,30.5815600
50.5044323,30.5818424
50.4996418,30.5766536
50.4719762,30.6004081
50.4715489,30.6050441
50.4678609,30.6094131
50.4598611,30.6082366
50.4606331,30.6083167
50.4680297,30.6096655
50.4719564,30.6022885
50.5189264,30.5950553
50.5316898,30.5964343
50.4264891,30.4585686
50.4887719,30.4994692
50.4669196,30.6464893
50.3897108,30.4824709
50.3626460,30.4895501
50.3952430,30.6529509
50.4509164,30.5255328
50.4602957,30.3549191
50.4407150,30.5212024
50.4475125,30.4798709
50.5057507,30.6203971
50.5031837,30.6175116
50.5003137,30.6148893
50.4978432,30.6118597
50.5001337,30.6141946
50.5053491,30.6196585
50.5094148,30.6213655
50.4916824,30.5178255
50.4412326,30.5386235
50.3987485,30.4847039
50.3394786,30.5546147
50.3509434,30.5518801
50.4232531,30.5438088
50.4623376,30.5871036
50.5475784,30.3627200
50.5324760,30.3592077
50.5162842,30.3620575
50.5507442,30.3410599
50.5486291,30.3438199
50.3870914,30.4810671
50.3503915,30.4770211
50.3460330,30.4772054
50.3471327,30.4774395
50.4314679,30.4319000
50.4347498,30.5543096
50.4244327,30.5241046
50.4245541,30.5239865
50.4269925,30.5288292
50.5234496,30.5222942
50.5171449,30.5983665
50.4069790,30.5189466
50.4071628,30.5128205
50.3944492,30.6038936
50.4374458,30.6302892
50.4371190,30.6301533
50.4553283,30.6143257
50.4420608,30.6273733
50.4432025,30.5990743
50.3838846,30.5319052
50.5028009,30.4977089
50.4426651,30.4930457
50.4063486,30.5201547
50.4558362,30.3502754
50.3408751,30.5234368
50.3407290,30.5237894
50.4908747,30.4253202
50.4655079,30.4471695
50.4421171,30.6038917
50.4419105,30.6043688
50.4401736,30.6067043
50.4712271,30.5214096
50.4697835,30.3563886
50.4613744,30.3377857
50.5250451,30.5848279
50.5252260,30.5848944
50.4118591,30.5263693
50.4500919,30.5966529
50.4205969,30.6110730
50.4608052,30.5220165
50.4609556,30.5221118
50.4611761,30.5189316
50.4643466,30.5166658
50.3846642,30.5698115
50.4014400,30.5630531
50.5034099,30.6179901
50.4518069,30.4673004
50.4647847,30.3563533
50.4713852,30.3569410
50.4464113,30.4533862
50.5063858,30.4137977
50.5177396,30.4862153
50.5175269,30.4862404
50.4516345,30.5259859
50.4383819,30.5372521
50.4389883,30.5446388
50.4633571,30.5223121
50.4654884,30.5223581
50.4814171,30.5377432
50.5021531,30.5929834
50.5081501,30.6081293
50.4787912,30.5732207
50.4439382,30.6085901
50.3936265,30.4906519
50.4684679,30.5130507
50.4625276,30.5018959
50.5337733,30.4568482
50.4461022,30.4885957
50.4463805,30.4884109
50.4467190,30.6163013
50.3604494,30.5599450
50.3409199,30.5240115
50.3710333,30.5169222
50.3694562,30.5183939
50.3692894,30.5225829
50.3703423,30.5344686
50.5060123,30.4143853
50.4407146,30.4903395
50.4408549,30.4898942
50.4406238,30.4901907
50.3922370,30.4736817
50.3957194,30.6156720
50.4558169,30.4749262
50.4615398,30.4737689
50.5668164,30.4635075
50.4688550,30.4695135
50.4700526,30.4839237
50.5216834,30.6200306
50.5225414,30.6269447
50.5199373,30.6269950
50.5206734,30.6207519
50.4138725,30.3820491
50.3973974,30.6404626
50.4125658,30.6051410
50.4139127,30.6097375
50.4140772,30.6113907
50.4122495,30.6030414
50.4027936,30.7768277
50.4059469,30.6818460
50.4058157,30.6817001
50.4864734,30.6111995
50.4871585,30.6127733
50.4031440,30.4036305
50.4222773,30.5927024
50.4902759,30.4646408
50.4797405,30.4453574
50.4792136,30.4462525
50.4656804,30.6419782
50.3423444,30.5297719
50.3712654,30.4574141
50.4148026,30.6008988
50.4901938,30.5747912
50.4836208,30.5746531
50.4793798,30.5733384
50.4799483,30.5731086
50.4835718,30.5740730
50.4921457,30.6053557
50.4642007,30.3419748
50.4597888,30.3429509
50.4887310,30.4851357
50.4124815,30.5141806
50.4623789,30.4740606
50.4620870,30.4734146
50.4625131,30.4659618
50.4631111,30.4593670
50.4630778,30.4545412
50.4629786,30.4511163
50.4605511,30.4288018
50.4499242,30.4185139
50.4438881,30.4100319
50.4232050,30.3832196
50.4351386,30.4111260
50.4095804,30.4010280
50.4316217,30.6150014
50.4372132,30.6423204
50.4386714,30.6398145
50.4407378,30.6322312
50.4501413,30.6771833
50.4516588,30.6801604
50.4516980,30.6812449
50.4533389,30.6844421
50.4279075,30.3724984
50.4536305,30.4524999
50.5157319,30.6012520
50.5168128,30.5987325
50.5169519,30.5986525
50.5131008,30.6124243
50.4670767,30.6463271
50.4663861,30.6480684
50.4894284,30.4224737
50.4621253,30.4805550
50.4582161,30.5843577
50.3008990,30.5770218
50.3005148,30.5775484
50.4720536,30.4984186
50.4738522,30.4940151
50.4754713,30.4899453
50.5120479,30.4256453
50.3897302,30.5471314
50.5179144,30.4854239
50.4571705,30.3878871
50.5105943,30.4293407
50.5172853,30.4353006
50.5088988,30.5868641
50.4852909,30.5204111
50.5042358,30.5110306
50.3851465,30.7534332
50.4449402,30.6155571
50.4428998,30.6231089
50.4061055,30.6764879
50.5170025,30.4443740
50.4305287,30.4146678
50.4407717,30.4911511
50.4888090,30.4444067
50.4885590,30.4441680
50.4870257,30.4411452
50.4422704,30.4954196
50.4350900,30.5042225
50.3531992,30.4763131
50.3537313,30.4765185
50.3555209,30.4761006
50.5102627,30.5069862
50.5086126,30.5075007
50.4734308,30.5960339
50.3912870,30.4624659
50.3994873,30.5355717
50.3992400,30.5356484
50.3976325,30.5345337
50.3975433,30.5342235
50.4011046,30.6811055
50.5214835,30.4499894
50.4592529,30.6470182
50.4515443,30.6803467
50.4629805,30.5063288
50.5271161,30.5196788
50.5238211,30.5218906
50.5207148,30.5218416
50.5182439,30.5194362
50.5157174,30.5165776
50.5130691,30.5124536
50.4951399,30.4254567
50.3533671,30.5035522
50.4029710,30.6653070
50.4031489,30.6739970
50.4034681,30.6740101
50.4594473,30.3472933
50.4198007,30.4247834
50.3995081,30.5316696
50.4360116,30.6255420
50.4352243,30.6260196
50.4364143,30.6259508
50.4361878,30.6267273
50.4354509,30.6265530
50.4363205,30.6278404
50.4370323,30.6285169
50.4365710,30.6296898
50.4374271,30.6253668
50.4381511,30.6256192
50.4383861,30.6248284
50.4379778,30.6243888
50.4371955,30.6248614
50.4385293,30.6285318
50.4382944,30.6266382
50.4378468,30.6273018
50.4376728,30.6281244
50.4386449,30.6275280
50.4393254,30.6259269
50.4409227,30.6263166
50.4339337,30.6280982
50.4330734,30.6280668
50.4326718,30.6275689
50.4333113,30.6271805
50.4339728,30.6267912
50.4347576,30.6267223
50.4343587,30.6275655
50.4398164,30.6139504
50.4411046,30.6143748
50.4404306,30.6123244
50.4411370,30.6121972
50.4413072,30.6128055
50.4414799,30.6133921
50.4417028,30.6115598
50.4421818,30.6136620
50.4361675,30.6290214
50.4355549,30.6300927
50.4347197,30.6308087
50.4346189,30.6299279
50.4394559,30.6278098
50.4401074,30.6275980
50.4402314,30.6266019
50.4402791,30.6254611
50.4407392,30.6244387
50.4405208,30.6237376
50.4403257,30.6230485
50.4396914,30.6234491
50.4406879,30.6218031
50.4411288,30.6232488
50.4423259,30.6111933
50.4429632,30.6107972
50.4436785,30.6106386
50.4438203,30.6111457
50.4439767,30.6116947
50.4435960,30.6126509
50.4446755,30.6119230
50.4455705,30.6110400
50.4451591,30.6096284
50.4442336,30.6100386
50.4337041,30.6304902
50.4356834,30.6319792
50.4402078,30.6202648
50.4397505,30.6187736
50.4394326,30.6177736
50.4392700,30.6171876
50.4390853,30.6166273
50.4386420,30.6172950
50.4384679,30.6301420
50.4391964,30.6296707
50.4384793,30.6311677
50.4387144,30.6322320
50.4372461,30.6308772
50.4377109,30.6317558
50.4379227,30.6326287
50.4365961,30.6318542
50.4401800,30.6162333
50.4409703,30.6152114
50.4414452,30.6156280
50.4413210,30.6164377
50.4414423,30.6171139
50.4406913,30.6176210
50.4413549,30.6200236
50.4422581,30.6197510
50.4424326,30.6203584
50.4431366,30.6203311
50.4429062,30.6225422
50.4427228,30.6210724
50.4421116,30.6215091
50.4447383,30.6138599
50.4452906,30.6125402
50.4442520,30.6129893
50.4437234,30.6136645
50.4430665,30.6137670
50.4432681,30.6143544
50.4418088,30.6146079
50.4419989,30.6152250
50.4421335,30.6158784
50.4425325,30.6144472
50.4434294,30.6150125
50.4445541,30.6143949
50.4444065,30.6150718
50.4441987,30.6155879
50.4440406,30.6161653
50.4430945,30.6195635
50.4432463,30.6189820
50.4434062,30.6183919
50.4437548,30.6193027
50.4446586,30.6159331
50.4422998,30.6295674
50.4427191,30.6306229
50.4410571,30.6298981
50.4405328,30.6308949
50.4404251,30.6313956
50.4403106,30.6319738
50.4392926,30.6321939
50.4391637,30.6316324
50.4397459,30.6300257
50.4398770,30.6305579
50.4449496,30.6276109
50.4459019,30.6280853
50.4465543,30.6285559
50.4363091,30.5288712
50.4352349,30.5302252
50.4931227,30.5182625
50.4945475,30.5176869
50.4949209,30.5185223
50.4946111,30.5162898
50.4954279,30.5164121
50.4954558,30.5141986
50.4948864,30.5148056
50.4946217,30.5133201
50.4922609,30.5154621
50.4919380,30.5197919
50.4925171,30.5107232
50.4917372,30.5089165
50.4912062,30.5080765
50.4925951,30.5086613
50.4954972,30.5107502
50.4364159,30.5388915
50.4369267,30.5372405
50.4365378,30.5375942
50.4357815,30.5395011
50.4368837,30.5391612
50.4365696,30.5406487
50.4358327,30.5410209
50.4378543,30.5384825
50.4372365,30.5402634
50.4367723,30.5351169
50.4360305,30.5419584
50.4364802,30.5311721
50.4370290,30.5358945
50.4337085,30.5398629
50.4634612,30.6086631
50.4593306,30.6110900
50.4629962,30.6103941
50.4602009,30.6135908
50.4517212,30.6129133
50.4522391,30.6139429
50.4506629,30.6137009
50.4507872,30.6149376
50.4511709,30.6163906
50.4516984,30.6174954
50.4526343,30.6154532
50.4527842,30.6167080
50.4513435,30.6137342
50.4521316,30.6166650
50.4938105,30.5137005
50.5049784,30.4933537
50.4942104,30.5078935
50.4360471,30.5431272
50.4356110,30.5425996
50.4355298,30.5433685
50.4344102,30.5416074
50.4342275,30.5426634
50.4343091,30.5398248
50.4387000,30.4198770
50.5194745,30.5003756
50.5196080,30.5011800
50.5210382,30.5022621
50.5145750,30.5000577
50.5129134,30.5003600
50.5204768,30.5052572
50.5201802,30.5066110
50.5180752,30.5070246
50.5134826,30.5020847
50.5153571,30.5014253
50.5162406,30.5009937
50.5151719,30.5031986
50.4347876,30.5424071
50.4348078,30.5447034
50.4996773,30.5029806
50.4995128,30.5010448
50.4994081,30.4995632
50.4436918,30.6216919
50.4444915,30.6212259
50.4448422,30.6224386
50.4443311,30.6219461
50.4430701,30.6239726
50.4442554,30.6246761
50.4434242,30.6252128
50.4436769,30.6243948
50.4580533,30.6090712
50.5234094,30.4934058
50.5239804,30.4923980
50.5249301,30.4902493
50.5250498,30.4979647
50.5255290,30.4934927
50.5255391,30.4907235
50.5253442,30.4895263
50.5236295,30.4977516
50.5227646,30.4887711
50.5239150,30.4977956
50.5240019,30.4896156
50.5231498,30.4902146
50.5223980,30.4905982
50.5222107,30.4915331
50.5212506,30.4918178
50.5208360,30.4902007
50.5210230,30.4893023
50.5198343,30.4905139
50.5194699,30.4889648
50.5196513,30.4880386
50.5189764,30.4875150
50.5226960,30.4864678
50.5221394,30.4860581
50.5210606,30.4865648
50.5183002,30.4866999
50.5184246,30.4853645
50.5185300,30.4892135
50.5220990,30.4949180
50.5221501,30.4956645
50.5222012,30.4964185
50.5214871,30.4953905
50.5201034,30.4938329
50.5210342,30.4939773
50.5215513,30.4940057
50.5216014,30.4945476
50.5220200,30.4973926
50.5186978,30.4925417
50.5196285,30.4926570
50.5201404,30.4927085
50.5202056,30.4932779
50.5187699,30.4918706
50.5187129,30.4913254
50.5182140,30.4912927
50.5175042,30.4905247
50.5174017,30.4921780
50.5167087,30.4916127
50.5205054,30.4965955
50.5191230,30.4963954
50.5179471,30.4962887
50.5170577,30.4959125
50.5162391,30.4961810
50.5160560,30.4932183
50.5156090,30.4925236
50.5146718,30.4945438
50.5150826,30.4960845
50.5145037,30.4935273
50.4999588,30.5188823
50.4989510,30.5144794
50.4981306,30.5133356
50.4973892,30.5149779
50.4378401,30.6335013
50.4442204,30.6233023
50.4449715,30.6259259
50.4968031,30.5164423
50.4923921,30.5078549
50.4932197,30.5086632
50.4964023,30.5099484
50.4963924,30.5118896
50.4960247,30.5043262
50.4954677,30.5042258
50.4963243,30.5064709
50.4943863,30.5066951
50.4912936,30.5121844
50.4946331,30.5103152
50.4927921,30.5132590
50.4938095,30.5107524
50.4947239,30.5117854
50.4928734,30.5162343
50.4373635,30.5006823
50.4373134,30.5010959
50.5101779,30.4975792
50.5095143,30.4966848
50.5095241,30.4957707
50.5096767,30.4939014
50.5104458,30.4948017
50.4928008,30.5123881
50.4922381,30.5125441
50.4919892,30.5127090
50.4917365,30.5128359
50.4916772,30.5146508
50.4915779,30.5138704
50.4925095,30.5171505
50.4926441,30.5194611
50.4937819,30.5166654
50.4919437,30.5168858
50.4918482,30.5160927
50.4937802,30.5196953
50.4927468,30.5205420
50.4920848,30.5208100
50.4906937,30.5088047
50.4968735,30.5082559
50.4974646,30.5076688
50.4980464,30.5071353
50.4970824,30.5093363
50.5170168,30.4869565
50.5164228,30.4865429
50.5160408,30.4878268
50.5150667,30.4887290
50.5154341,30.4873665
50.5151623,30.4857263
50.5144483,30.4883076
50.5136645,30.4863126
50.5102750,30.4862107
50.5103110,30.4894131
50.5162822,30.4881014
50.5122592,30.4892570
50.5117877,30.4906599
50.5098014,30.4885177
50.5087680,30.4857669
50.5085303,30.4866229
50.5095439,30.4897693
50.4953264,30.5087076
50.4926450,30.5067230
50.4975936,30.5045609
50.4989707,30.5062121
50.4995545,30.5055651
50.5014102,30.5049238
50.5038206,30.5091208
50.5039824,30.5079714
50.5019217,30.5054174
50.5024450,30.5058992
50.5024916,30.5070853
50.5032375,30.5105732
50.5016782,30.5110500
50.5010829,30.5125392
50.5023864,30.5121121
50.5024271,30.5094213
50.5022295,30.4995614
50.4983974,30.5010907
50.4935339,30.5061940
50.4975809,30.5124616
50.4919843,30.5135600
50.4922356,30.5134099
50.4917174,30.5063059
50.4959573,30.5056890
50.4945144,30.5050022
50.4957221,30.5055337
50.5063088,30.4857429
50.5081234,30.4884230
50.5109327,30.4881620
50.5086029,30.4890732
50.5040362,30.4934525
50.5029349,30.4951535
50.5020476,30.4951996
50.5038072,30.4900154
50.5066343,30.4912383
50.5058772,30.4916764
50.5066147,30.4931149
50.5077929,30.4907529
50.5049852,30.4919629
50.5068586,30.4903171
50.5100267,30.4925451
50.5087485,30.4924964
50.5113355,30.4945226
50.5069534,30.4939883
50.5046755,30.4942865
50.5029333,30.4943113
50.5032317,30.4963974
50.5042929,30.4950205
50.5031910,30.4929300
50.5048711,30.4958431
50.5043742,30.4974333
50.5023288,30.4970504
50.5032384,30.4973844
50.4980305,30.5098611
50.4989439,30.5105168
50.4995390,30.5130262
50.5001353,30.5104931
50.5002808,30.5113870
50.4734739,30.5062265
50.4727736,30.5063144
50.4732693,30.5068280
50.4737447,30.5077796
50.5241420,30.5045440
50.5237755,30.5030358
50.5263517,30.5023446
50.5237198,30.5069432
50.5256622,30.5048303
50.5260655,30.5063992
50.5132156,30.5105765
50.5150253,30.5140951
50.5138760,30.5092056
50.5144408,30.5099556
50.5150065,30.5107375
50.5236547,30.5108757
50.4358606,30.5281659
50.4349570,30.5292438
50.4365167,30.5273158
50.4370704,30.5265081
50.4375225,30.5259344
50.4380178,30.5253465
50.4339528,30.5305376
50.4331312,30.5315035
50.4325199,30.5322615
50.4313566,30.5337002
50.4350625,30.5263616
50.4351727,30.5280105
50.4354905,30.5271673
50.4289686,30.5320095
50.4280541,30.5326207
50.4286485,30.5286061
50.4278807,30.5340387
50.4287616,30.5365925
50.4260751,30.5323871
50.4411380,30.5489237
50.4417874,30.5481342
50.4378356,30.5244720
50.4290306,30.5305055
50.4288015,30.5298315
50.4282021,30.5290732
50.4280772,30.5299247
50.4282640,30.5308097
50.4249964,30.5391774
50.4332021,30.5306232
50.4325943,30.5313542
50.4319450,30.5321729
50.4370533,30.5287834
50.4361147,30.5300687
50.4377578,30.5358584
50.4363898,30.5343969
50.4411611,30.5325407
50.4386463,30.5331407
50.4422845,30.5334369
50.4427351,30.5325890
50.4426250,30.5308462
50.4329173,30.5402097
50.4276951,30.6398740
50.4376640,30.4997827
50.4336939,30.5340370
50.4342636,30.5345273
50.4744625,30.4449259
50.4350005,30.5338882
50.4344003,30.5331380
50.4447406,30.6247877
50.4453541,30.6246609
50.4455063,30.6241291
50.4456215,30.6236602
50.4453174,30.6226375
50.4459170,30.6205737
50.4463279,30.6210278
50.4444070,30.6203966
50.4449775,30.6201510
50.4452385,30.6196289
50.4443794,30.6190948
50.4458654,30.6187937
50.4464733,30.6192123
50.4464976,30.6181561
50.4458232,30.6174719
50.4460052,30.6168584
50.4461804,30.6161642
50.4450134,30.6167859
50.5107211,30.4997019
50.5087744,30.5021915
50.4462267,30.6155436
50.4453743,30.6154457
50.4468113,30.6170006
50.4466006,30.6205947
50.4387584,30.6371628
50.4390923,30.6381480
50.4466439,30.6267538
50.4367923,30.6327041
50.4353546,30.5996893
50.4359319,30.6010567
50.4370917,30.6037713
50.4381438,30.6063417
50.4379516,30.6047950
50.4387650,30.6059756
50.4395122,30.6060903
50.4399391,30.6056190
50.4392723,30.6047922
50.4401437,30.6045394
50.4408340,30.6053929
50.4368090,30.6020997
50.4376503,30.6033736
50.4364004,30.6003979
50.4368563,30.5992850
50.4371627,30.6006308
50.4378123,30.6021457
50.4374659,30.5979039
50.4376333,30.6001472
50.4382813,30.6016626
50.4406579,30.6042717
50.4412014,30.6024696
50.4411725,30.6033030
50.4415817,30.6045943
50.4419253,30.6033144
50.4418442,30.6019418
50.4411434,30.6012012
50.4420328,30.6011648
50.4422325,30.6003709
50.4413880,30.6001832
50.4447102,30.6279422
50.4445647,30.6285679
50.4358722,30.5990917
50.4421202,30.5994035
50.4423110,30.5986113
50.4428784,30.5993732
50.4398441,30.5975741
50.4406927,30.5978114
50.4472538,30.6161549
50.4476655,30.6171184
50.4538175,30.6117495
50.4217592,30.5479417
50.4221989,30.5470166
50.4187344,30.5478994
50.4280469,30.5488492
50.4286961,30.5485351
50.4289950,30.5474309
50.4250772,30.5434900
50.4259400,30.5425062
50.4152564,30.5452228
50.4150614,30.5459430
50.4340668,30.5411809
50.4580954,30.4848832
50.4571749,30.4848601
50.4502273,30.4504569
50.4502002,30.4510885
50.4498970,30.4518718
50.4498846,30.4526199
50.4535779,30.4488954
50.4527315,30.4524240
50.4533703,30.4506134
50.4518155,30.4519949
50.4518511,30.4525947
50.4453651,30.6279933
50.4460792,30.6287616
50.4459476,30.6293473
50.4473836,30.6289672
50.4570116,30.4840508
50.4472677,30.6180521
50.4474089,30.6185804
50.4474762,30.6191587
50.4477241,30.6215597
50.4477569,30.6221455
50.4479289,30.6226322
50.4486473,30.6217974
50.4486418,30.6207264
50.4483609,30.6242060
50.4485160,30.6247386
50.4487575,30.6252024
50.4491987,30.6239345
50.4502823,30.6264669
50.4506921,30.6279997
50.4479530,30.6277915
50.4483896,30.6274382
50.4491557,30.6284962
50.4497413,30.6268536
50.4502106,30.6291943
50.4495117,30.6263141
50.4498816,30.6273962
50.4487113,30.6269975
50.4508924,30.6292907
50.4476910,30.5988943
50.4462973,30.5970132
50.4471039,30.5971184
50.4475908,30.5960206
50.4466431,30.5983164
50.4454548,30.5993552
50.4462015,30.5994743
50.4493802,30.5981140
50.4471933,30.5947279
50.4476571,30.5921607
50.4484027,30.5929600
50.4480927,30.5945080
50.4482621,30.5952002
50.4385617,30.4994850
50.4469160,30.6105982
50.4482648,30.6153682
50.4497404,30.6141620
50.4490929,30.6148017
50.4484338,30.6165526
50.4496396,30.6189326
50.4489910,30.6189025
50.4501633,30.6147010
50.4504458,30.6183532
50.4509744,30.6176394
50.4399864,30.5083494
50.4459473,30.4517844
50.4454456,30.4504982
50.5087176,30.4939848
50.5064363,30.4970936
50.5071277,30.4972870
50.5078220,30.4971166
50.5085033,30.4973174
50.4439929,30.5155866
50.4446307,30.5176071
50.4463972,30.5139342
50.4481125,30.5146065
50.4485838,30.5148440
50.4483582,30.5127505
50.4477962,30.5124963
50.4564365,30.5202324
50.4535303,30.5152335
50.4522856,30.5168868
50.4541009,30.5240333
50.4530038,30.5173076
50.4525585,30.5173038
50.4528074,30.5178288
50.4524047,30.5179638
50.4521650,30.5257506
50.4527395,30.5261474
50.4436537,30.5166174
50.4442584,30.5169421
50.4204340,30.4895524
50.4202683,30.4889360
50.4202048,30.4877594
50.4203220,30.4866112
50.4211047,30.4847847
50.4231963,30.4828178
50.4229910,30.4832927
50.4229699,30.4840048
50.4230882,30.4848115
50.4214627,30.4833041
50.4197453,30.4896805
50.4470946,30.4483223
50.4466968,30.4481805
50.4455230,30.4468150
50.4511245,30.4523267
50.4524904,30.4504626
50.4527412,30.4497286
50.4042185,30.6184001
50.4072733,30.6318724
50.4039204,30.6380241
50.4529713,30.4690744
50.4509050,30.4704755
50.4519727,30.4497405
50.4475340,30.4479803
50.4483850,30.4494264
50.4475067,30.4504484
50.4487346,30.4667032
50.4536769,30.4703553
50.4487388,30.4633019
50.4492999,30.4635598
50.4488744,30.4639880
50.4530818,30.6119594
50.4540624,30.6128783
50.4524149,30.6127545
50.4531618,30.6145674
50.4545960,30.6141043
50.4540463,30.6145372
50.4546441,30.6154776
50.4421638,30.6233759
50.4419313,30.6225148
50.4408720,30.6191294
50.4406104,30.6183887
50.4426466,30.6235174
50.4071894,30.6277773
50.4047516,30.6192437
50.4412021,30.4991032
50.4408738,30.4984059
50.4050816,30.6331121
50.4046995,30.6325099
50.4041646,30.6324663
50.4038049,30.6329896
50.4041607,30.6362018
50.4047348,30.6359290
50.4052825,30.6372102
50.4060841,30.6372080
50.4052272,30.6340297
50.4054522,30.6348032
50.4056225,30.6356991
50.4077795,30.6382621
50.4081832,30.6376586
50.4026573,30.6365805
50.4044902,30.6394525
50.4049182,30.6397090
50.4055687,30.6416719
50.4055049,30.6438596
50.4058747,30.6465418
50.4065551,30.6459805
50.4065466,30.6473305
50.4060452,30.6481191
50.4072642,30.6478156
50.4079465,30.6476141
50.4080407,30.6471669
50.4082980,30.6461938
50.4080301,30.6455809
50.4077272,30.6450350
50.4074961,30.6406315
50.4080833,30.6417432
50.4083720,30.6422653
50.4086324,30.6428671
50.4078964,30.6433781
50.4081948,30.6439423
50.4084570,30.6445368
50.4081352,30.6314913
50.4086204,30.6314979
50.4089479,30.6320732
50.4089443,30.6328149
50.4086053,30.6333406
50.4080842,30.6333513
50.4098963,30.6359043
50.4101124,30.6371393
50.4092877,30.6378968
50.4441184,30.5918480
50.4104389,30.6394462
50.4110340,30.6413909
50.4090868,30.6400985
50.4117058,30.6345352
50.3959136,30.6289095
50.3954199,30.6314708
50.3948896,30.6316976
50.3948369,30.6309023
50.3940432,30.6289682
50.3934025,30.6292701
50.3924366,30.6298348
50.3927492,30.6304737
50.3919905,30.6309186
50.3916368,30.6320746
50.3938501,30.6305360
50.3934751,30.6332790
50.3937073,30.6339630
50.3949292,30.6326902
50.3924393,30.6334599
50.3919303,30.6338825
50.3918936,30.6351123
50.3926531,30.6347440
50.3961769,30.6279140
50.3957116,30.6299358
50.4074712,30.6350168
50.4072017,30.6363672
50.4056756,30.6372202
50.4090031,30.6350144
50.4084810,30.6343554
50.4084835,30.6361402
50.3965340,30.6392275
50.3957441,30.6381788
50.3951721,30.6376789
50.3945305,30.6371292
50.3946483,30.6416092
50.3941670,30.6419050
50.3931926,30.6421796
50.3932007,30.6407593
50.3928650,30.6397165
50.3936964,30.6400815
50.3934618,30.6389397
50.3938627,30.6380666
50.3937947,30.6371072
50.3934147,30.6374056
50.3926694,30.6380928
50.3963651,30.6415277
50.3935999,30.6422844
50.3928589,30.6419461
50.3927579,30.6410684
50.4107366,30.6314631
50.4120581,30.6355723
50.4120609,30.6366420
50.4089708,30.6455380
50.4098307,30.6463235
50.4105368,30.6458606
50.4106619,30.6451158
50.4116892,30.6431682
50.4110620,30.6427071
50.4099618,30.6411052
50.4397041,30.4978131
50.4389384,30.5021619
50.4386246,30.5017881
50.4383109,30.5021517
50.4385281,30.5026214
50.4375612,30.5018051
50.4372686,30.5022263
50.5048190,30.5088195
50.5011987,30.5061436
50.5002364,30.5140965
50.4872097,30.6318121
50.4243235,30.4473372
50.4479048,30.6144716
50.4483893,30.6141643
50.4489253,30.6138026
50.4495254,30.6134098
50.4502600,30.6129113
50.4495883,30.6126290
50.4506198,30.6124940
50.4510485,30.6123498
50.4432499,30.6211823
50.4452931,30.6135094
50.4237829,30.4472886
50.4252692,30.4478130
50.4678323,30.6233918
50.4684838,30.6217686
50.4681546,30.6207120
50.4665510,30.6208726
50.4664545,30.6199854
50.4467914,30.6304503
50.4472495,30.6309254
50.4479751,30.6313920
50.4482090,30.6294921
50.4482788,30.6305421
50.4501265,30.6306122
50.4508965,30.6310632
50.4509928,30.6317679
50.4504601,30.6328833
50.4498063,30.6325002
50.4493450,30.6322228
50.4486980,30.6318166
50.4482533,30.6192460
50.4536952,30.6161515
50.4531697,30.6155818
50.4551312,30.6162371
50.4544516,30.6166047
50.4555158,30.6174724
50.4549036,30.6181986
50.4538062,30.6178649
50.4541779,30.6187822
50.4536332,30.6168764
50.4529475,30.6173328
50.4531033,30.6179120
50.4533085,30.6186157
50.4534664,30.6191769
50.4559941,30.6191295
50.4553238,30.6191643
50.4545684,30.6197389
50.4537976,30.6204573
50.4527832,30.6208070
50.4526596,30.6197229
50.4513805,30.6190883
50.4508226,30.6191953
50.4509258,30.6200721
50.4498388,30.6194522
50.4494423,30.6206062
50.4447683,30.5917443
50.4451854,30.5922091
50.4448931,30.5938446
50.4443927,30.5938538
50.4435939,30.5919381
50.4430322,30.5920252
50.4425504,30.5976622
50.4427401,30.5968891
50.4433698,30.5961732
50.4437102,30.5953706
50.4440442,30.5946717
50.4436396,30.5930278
50.4432515,30.5940272
50.4427476,30.5951759
50.4421216,30.5931492
50.4420248,30.5921277
50.4433016,30.5976528
50.4409696,30.5933707
50.4397695,30.5923772
50.4397762,30.5934675
50.4393067,30.5943770
50.4393372,30.5952487
50.4399278,30.5962813
50.4375987,30.5946263
50.4376528,30.5954748
50.4371064,30.5937968
50.4369093,30.5929268
50.4347809,30.5931832
50.4389051,30.5960327
50.4387780,30.5937227
50.4380391,30.5938192
50.4381815,30.5961218
50.4373040,30.5966560
50.4346930,30.5942053
50.4358971,30.5938704
50.4350191,30.5970254
50.4342683,30.5953323
50.4343853,30.5974445
50.4337460,30.5957657
50.4355288,30.5982452
50.4349814,30.5987741
50.4379646,30.5926278
50.4387701,30.5925077
50.4407065,30.5964824
50.4400717,30.5954231
50.4347601,30.6080775
50.4360197,30.6103051
50.4359562,30.6115519
50.4356162,30.6079274
50.4344047,30.6091952
50.4331320,30.6108965
50.4340984,30.6071151
50.4341923,30.6059203
50.4325908,30.6047787
50.4337786,30.6036132
50.4329708,30.6036917
50.4320825,30.6058786
50.4318227,30.6086899
50.4353979,30.6121980
50.4338447,30.6127116
50.4327414,30.6119519
50.4308026,30.6072834
50.4311156,30.6055986
50.4322969,30.6022682
50.4321325,30.6007866
50.4314553,30.5981268
50.4300311,30.6044385
50.4311319,30.6041917
50.4306754,30.5982559
50.4302898,30.5994129
50.4299434,30.5973579
50.4282543,30.5993715
50.4288837,30.5955040
50.4311762,30.6102251
50.4292908,30.6134666
50.4304507,30.6126943
50.4307887,30.6134912
50.4316961,30.6137012
50.4353579,30.6093991
50.4350240,30.6094755
50.4335456,30.6050410
50.4331966,30.6051134
50.4350651,30.6068931
50.4311322,30.6069673
50.4366339,30.6113426
50.4295788,30.6076904
50.4298810,30.6091146
50.4283815,30.6148726
50.4276813,30.6146375
50.4270887,30.6142990
50.4257466,30.6136959
50.4280552,30.6094875
50.4265870,30.6109643
50.4251050,30.6121450
50.4279151,30.6128585
50.4284087,30.6131689
50.4284800,30.6125074
50.4300393,30.6150328
50.4101217,30.6432756
50.4090594,30.6438031
50.4011118,30.6373626
50.4036517,30.6558277
50.4042384,30.6554178
50.4034187,30.6569815
50.4025811,30.6562621
50.4028325,30.6588095
50.4034222,30.6581416
50.4034868,30.6589437
50.4476142,30.6120270
50.4490050,30.6129281
50.4481603,30.6116592
50.4474426,30.6128293
50.4304473,30.6096847
50.4303792,30.6101066
50.4301038,30.6100377
50.4300510,30.6104330
50.4470205,30.6119095
50.4043258,30.6561090
50.4053700,30.6567783
50.4059418,30.6571719
50.4053936,30.6582193
50.3984110,30.6430827
50.3977521,30.6426863
50.3977864,30.6442482
50.3987125,30.6452931
50.3975429,30.6464885
50.3982012,30.6465978
50.3990482,30.6476251
50.3992562,30.6497505
50.3984014,30.6487124
50.3984456,30.6499964
50.3968955,30.6457376
50.4354944,30.4888279
50.4351157,30.4895048
50.4351780,30.4883254
50.4346991,30.4894016
50.4344609,30.4887768
50.4347939,30.4884097
50.4345148,30.4877104
50.4340522,30.4868306
50.4335916,30.4859681
50.4330783,30.4851236
50.4330469,30.4842160
50.4323689,30.4847674
50.4321544,30.4838448
50.4323157,30.4828663
50.4327751,30.4823363
50.4324539,30.4804337
50.4311653,30.4884366
50.4325982,30.4888920
50.4332224,30.4897038
50.4341500,30.4907543
50.4290414,30.4884216
50.4289985,30.4888908
50.4289486,30.4893794
50.4289038,30.4898713
50.4286801,30.4888513
50.4286566,30.4893069
50.4285826,30.4897854
50.4256989,30.4764194
50.4265275,30.4758734
50.4268357,30.4753801
50.4258573,30.4753859
50.4247739,30.4770722
50.4264055,30.4744202
50.4250044,30.4757306
50.4244061,30.4755275
50.4245664,30.4762828
50.4255301,30.4747652
50.4237573,30.4787206
50.4228327,30.4803898
50.4225640,30.4790324
50.4221225,30.4796155
50.4213503,30.4796319
50.4188712,30.4803296
50.4209956,30.4818190
50.3970975,30.6430802
50.3965848,30.6435986
50.3971735,30.6443937
50.3957604,30.6434296
50.3951943,30.6440013
50.3958523,30.6447969
50.3953923,30.6465430
50.3960696,30.6473761
50.3960777,30.6487209
50.3953817,30.6496046
50.3959176,30.6506634
50.3967516,30.6514491
50.3954373,30.6519551
50.3988516,30.6511401
50.3984214,30.6515413
50.3980074,30.6511072
50.4031508,30.6602522
50.4044006,30.6597402
50.4040244,30.6609134
50.4039908,30.6620938
50.4041139,30.6628605
50.4034354,30.6627763
50.4049213,30.6601766
50.4069335,30.6575979
50.4070036,30.6591039
50.4067379,30.6598290
50.4074626,30.6589885
50.4067878,30.6610669
50.4068343,30.6621130
50.4072988,30.6615691
50.4161343,30.6548364
50.4037978,30.6641680
50.4046583,30.6648185
50.4049991,30.6637151
50.4059206,30.6648565
50.4055563,30.6640963
50.4064776,30.6638328
50.4064924,30.6648566
50.4060090,30.6686290
50.4057657,30.6675594
50.4066669,30.6679882
50.4071121,30.6699370
50.4077026,30.6710164
50.4076918,30.6690732
50.4086391,30.6705411
50.4079750,30.6700876
50.4260862,30.4920223
50.4247855,30.4913382
50.4248952,30.4905955
50.4241115,30.4898066
50.4232916,30.4887680
50.4225361,30.4876703
50.4223929,30.4853527
50.4220686,30.4860985
50.4221443,30.4843481
50.4235238,30.4846605
50.4239089,30.4848761
50.4368790,30.4899293
50.4367701,30.4887563
50.4324539,30.4737720
50.4042017,30.6533405
50.4048282,30.6527521
50.4051662,30.6539948
50.4069009,30.6512207
50.4064481,30.6509796
50.4054492,30.6513425
50.4082926,30.6496639
50.4076882,30.6518523
50.4071709,30.6525794
50.4063090,30.6548526
50.4293177,30.5416249
50.4106094,30.6290605
50.4120027,30.6299987
50.4130175,30.6273109
50.4135200,30.6278146
50.4132727,30.6293682
50.4037426,30.6523137
50.4097335,30.6506472
50.4102537,30.6498726
50.4103236,30.6514733
50.4099876,30.6486738
50.4077769,30.6533479
50.4083756,30.6536397
50.4074393,30.6543212
50.4117879,30.6475032
50.4129085,30.6471161
50.4133699,30.6473512
50.4139345,30.6482540
50.4118647,30.6493618
50.4123920,30.6486064
50.4124165,30.6502225
50.3998634,30.6263339
50.4002779,30.6249740
50.4018891,30.6284413
50.4010543,30.6290112
50.4019847,30.6259486
50.4018444,30.6266166
50.4018081,30.6273823
50.4036150,30.6397505
50.4026367,30.6399134
50.4135145,30.6498692
50.4013345,30.6191258
50.4015589,30.6201675
50.4017303,30.6211637
50.4018789,30.6223398
50.4004705,30.6207620
50.4010061,30.6205951
50.4009136,30.6189151
50.3990195,30.6190271
50.3995197,30.6200001
50.4046374,30.6217725
50.4036199,30.6223605
50.4028514,30.6221264
50.4039270,30.6216065
50.4042810,30.6208049
50.4374062,30.5322599
50.4376930,30.5331278
50.4371194,30.5281478
50.4385604,30.5368619
50.4372472,30.5365192
50.4371537,30.5396357
50.4373413,30.5388694
50.4372210,30.5409349
50.4336649,30.5427970
50.4331109,30.5442555
50.4331568,30.5438156
50.4325106,30.5442266
50.4319816,30.5431872
50.4319454,30.5423837
50.4316757,30.5437480
50.4312467,30.5431558
50.4314349,30.5425229
50.4314692,30.5411719
50.4303623,30.5413855
50.4156703,30.6519394
50.4160167,30.6524804
50.4155614,30.6529242
50.4163846,30.6539661
50.4169611,30.6532453
50.4173854,30.6549852
50.4170695,30.6563551
50.4164773,30.6563875
50.4161006,30.6570091
50.4142803,30.6543740
50.4146040,30.6548538
50.4141721,30.6553246
50.4093879,30.6528443
50.4039925,30.6659132
50.4044890,30.6667269
50.4049009,30.6658830
50.4050316,30.6666277
50.4071735,30.6639994
50.4070295,30.6652621
50.4075851,30.6685823
50.4085768,30.6696399
50.4082099,30.6660503
50.4082220,30.6651715
50.4082554,30.6644424
50.4097111,30.6635462
50.4100852,30.6629436
50.4090606,30.6624152
50.4107451,30.6636873
50.4116100,30.6648263
50.4095350,30.6652994
50.4102826,30.6651898
50.4106767,30.6645786
50.4105745,30.6640349
50.4090617,30.6656007
50.4086715,30.6662029
50.4089004,30.6668206
50.4098135,30.6682264
50.4109424,30.6663607
50.4103892,30.6622281
50.4111692,30.6603916
50.4107684,30.6594922
50.4113349,30.6588707
50.4291699,30.5376957
50.4284112,30.5386022
50.4286170,30.5394521
50.4301836,30.5401082
50.4306081,30.5407337
50.4309575,30.5396330
50.4305600,30.5388095
50.4134239,30.6595045
50.4131456,30.6607186
50.4129122,30.6589664
50.4127204,30.6577672
50.4132041,30.6573158
50.4128478,30.6567417
50.4117865,30.6597855
50.4113609,30.6616576
50.4124372,30.6612808
50.4121172,30.6618022
50.4117909,30.6623141
50.4114559,30.6628224
50.4130129,30.6619497
50.4125352,30.6625532
50.4119017,30.6635487
50.4303256,30.5362636
50.4300014,30.5366919
50.4305370,30.5368442
50.4305937,30.5376611
50.4309520,30.5373051
50.4307823,30.5360840
50.4315314,30.5361473
50.4313199,30.5356370
50.4310085,30.5354236
50.4314761,30.5371948
50.4319112,30.5407427
50.4329268,30.5427066
50.4329304,30.5432038
50.4327864,30.5441043
50.4130356,30.6631395
50.4094793,30.6734228
50.4098935,30.6740784
50.4330176,30.5388137
50.4315741,30.5377779
50.4332668,30.5371389
50.3997366,30.5159098
50.4006723,30.5159746
50.4029529,30.5177901
50.4026636,30.5163486
50.3991640,30.5160889
50.3994934,30.5170962
50.3983657,30.5154202
50.4009764,30.5146997
50.4005627,30.5143639
50.5075427,30.4993465
50.5077805,30.5001404
50.5071312,30.5009962
50.5094119,30.5002883
50.5063883,30.5004667
50.5068616,30.5035217
50.5056936,30.4999226
50.5053991,30.5027189
50.5048488,30.5006471
50.5043905,30.4991596
50.5046169,30.5038761
50.5043592,30.5046592
50.5057113,30.5043942
50.5070772,30.5061130
50.5084684,30.5053134
50.5078440,30.5071736
50.5060122,30.5067149
50.5051784,30.5053310
50.5033296,30.5044360
50.5037557,30.5039676
50.5030226,30.5033374
50.5021932,30.5025271
50.5022126,30.5010369
50.5028428,30.5002890
50.5032083,30.4992115
50.5034596,30.5006239
50.5108605,30.5040969
50.4533549,30.4732397
50.4253625,30.4925246
50.4247485,30.4921381
50.4236755,30.4906234
50.4262836,30.4926345
50.4264182,30.4932775
50.4260682,30.4942106
50.4254950,30.4952469
50.4280255,30.4930562
50.4286316,30.4937256
50.4288550,30.4932267
50.4290988,30.4927653
50.4294294,30.4923418
50.4294302,30.4937598
50.4291933,30.4942694
50.4203882,30.4811970
50.4200119,30.4803712
50.4205171,30.4792028
50.4195462,30.4796057
50.4180458,30.4782606
50.4186033,30.4770924
50.4185842,30.4779898
50.4200803,30.4784740
50.4174615,30.4794658
50.4180717,30.4793916
50.4182933,30.4798637
50.4241435,30.4776363
50.4239854,30.4756633
50.4241445,30.4765905
50.4237296,30.4761820
50.4234174,30.4777395
50.4231987,30.4783174
50.4226584,30.4777020
50.4226199,30.4785668
50.4215241,30.4788367
50.4211776,30.4782566
50.4714517,30.4111792
50.4330163,30.4788120
50.4318703,30.4744972
50.4393939,30.4772370
50.4399474,30.4768457
50.4404055,30.4760842
50.4316206,30.4676526
50.4294244,30.4661571
50.4295818,30.4658058
50.4297707,30.4650047
50.4288567,30.4651966
50.4283645,30.4650787
50.4278806,30.4640017
50.4275248,30.4632262
50.4268822,30.4618251
50.4264821,30.4609528
50.4316082,30.4753533
50.4308163,30.4767167
50.4302796,30.4751367
50.4303736,30.4759340
50.4315703,30.4775248
50.4321731,30.4781427
50.4276390,30.4749632
50.4258798,30.4740728
50.4259275,30.4732200
50.4256144,30.4727543
50.4252929,30.4735577
50.4239030,30.4750553
50.4236995,30.4744111
50.4360937,30.5330883
50.4356990,30.5324116
50.4353554,30.5333904
50.4352398,30.5327670
50.4357657,30.5337817
50.4337005,30.5331402
50.4341468,30.5326400
50.4282256,30.6444419
50.4398144,30.5172421
50.4295482,30.6443791
50.4289898,30.6452243
50.4276007,30.6460472
50.4290664,30.6425638
50.4283118,30.6421261
50.4281015,30.6414744
50.4278946,30.6408157
50.4284301,30.6404834
50.4270168,30.6414709
50.4249559,30.6450854
50.4254624,30.5400871
50.4234812,30.5417306
50.4228692,30.5418027
50.4222938,30.5419814
50.4223955,30.5428832
50.4228302,30.5432812
50.4229905,30.5426960
50.4217726,30.5418404
50.4210508,30.5411378
50.4210514,30.5400040
50.4211671,30.5391234
50.4203494,30.5394157
50.4209914,30.5447060
50.4204757,30.5441291
50.4200002,30.5430761
50.4194493,30.5421469
50.4189365,30.5410732
50.4188159,30.5399558
50.4192652,30.5401957
50.4206043,30.5415857
50.4205061,30.5425008
50.4208321,30.5430288
50.4210814,30.5420849
50.4220253,30.5433949
50.4198690,30.5442989
50.4193078,30.5444349
50.4196524,30.5451116
50.4197207,30.5466316
50.4191014,30.5452274
50.4193225,30.5432370
50.4187580,30.5433832
50.4185432,30.5442017
50.4187467,30.5421095
50.4183043,30.5412727
50.4201869,30.5461171
50.4204200,30.5453210
50.4182106,30.5477902
50.4179291,30.5485943
50.4182179,30.5465064
50.4176037,30.5453356
50.4171057,30.5455192
50.4168310,30.5465773
50.4168181,30.5476336
50.4175586,30.5466177
50.4979199,30.4556908
50.4983846,30.4565582
50.4998118,30.4540994
50.5002142,30.4543230
50.4998581,30.4535470
50.5004924,30.4594556
50.4999464,30.4601545
50.4988515,30.4579930
50.4169676,30.5485524
50.4165294,30.5482337
50.4164854,30.5473514
50.4157958,30.5475553
50.4157962,30.5464157
50.4158537,30.5446106
50.4159175,30.5456151
50.4162912,30.5448896
50.4167272,30.5452819
50.4163888,30.5434755
50.5135940,30.4512206
50.5136550,30.4518583
50.5138936,30.4505402
50.5227870,30.4536003
50.5241460,30.4539627
50.5248748,30.4534420
50.5260207,30.4540813
50.5189776,30.4611872
50.5200017,30.4591272
50.5191590,30.4625678
50.5208911,30.4642656
50.5208056,30.4598385
50.5214716,30.4617009
50.5220154,30.4594550
50.5212454,30.4591451
50.5273666,30.5115296
50.5274043,30.5123999
50.5274149,30.5132770
50.5276866,30.5148631
50.5256110,30.5088286
50.4464168,30.4249909
50.4465289,30.4239971
50.5010614,30.4598673
50.5009177,30.4589728
50.5199791,30.5198414
50.5182904,30.5173462
50.5204560,30.5152566
50.5222308,30.5214771
50.5272501,30.5152409
50.5267135,30.5146094
50.5019422,30.4522278
50.5010994,30.4530570
50.5055872,30.4568125
50.5072461,30.4566703
50.5071537,30.4559785
50.5064469,30.4568675
50.5063720,30.4563020
50.5075533,30.4516789
50.5246507,30.5186148
50.4925268,30.4244210
50.4923735,30.4251610
50.4916410,30.4253867
50.4909121,30.4247414
50.5002700,30.4301092
50.4197602,30.5366738
50.5030873,30.4391977
50.4897300,30.4087712
50.4897568,30.4080654
50.4897177,30.4073679
50.4895143,30.4094331
50.4906393,30.4083368
50.4899183,30.4066554
50.4464964,30.4229001
50.5213062,30.4527399
50.5208304,30.4557589
50.5200235,30.4507313
50.5198726,30.4517792
50.5191324,30.4498729
50.5193184,30.4508840
50.5190286,30.4533740
50.5179485,30.4500231
50.5079015,30.4493734
50.4464603,30.4218069
50.4463006,30.4268596
50.4931821,30.4066574
50.4944009,30.4095837
50.4943921,30.4087170
50.4944050,30.4078419
50.4914105,30.4094063
50.4913842,30.4087195
50.4913903,30.4080273
50.4914287,30.4073270
50.4917039,30.4066359
50.4942014,30.4069115
50.4949603,30.4065979
50.4924790,30.4039890
50.4925409,30.4051713
50.4913954,30.4051814
50.4459765,30.4288780
50.4306441,30.4549092
50.4151180,30.5401240
50.4156644,30.5410725
50.4159145,30.5420188
50.4161134,30.5427668
50.4146801,30.5404883
50.5014426,30.4585139
50.5011583,30.4567781
50.5003958,30.4532394
50.5011993,30.4540909
50.5015560,30.4547066
50.4223249,30.5403868
50.4219087,30.5390223
50.4202612,30.5376003
50.4205131,30.5365449
50.4202246,30.5402713
50.4999301,30.4582619
50.4993549,30.4570539
50.4993910,30.4589712
50.5018775,30.4584253
50.5024159,30.4593282
50.5026688,30.4563568
50.5017783,30.4538095
50.5029814,30.4536022
50.5034533,30.4546506
50.5036451,30.4554651
50.5025263,30.4550668
50.4182765,30.5400065
50.4171971,30.5411864
50.4178236,30.5406825
50.4170572,30.5402437
50.4165501,30.5390649
50.4159882,30.5391943
50.4161263,30.5385704
50.4168772,30.5386877
50.4168913,30.5377847
50.4164841,30.5378229
50.4182529,30.5392779
50.4177606,30.5376369
50.4184773,30.5365083
50.4187134,30.5354899
50.4179832,30.5355869
50.4176796,30.5351833
50.4162785,30.5370954
50.4157376,30.5371654
50.4158964,30.5379720
50.4204226,30.5340998
50.4206532,30.5333356
50.4213640,30.5365196
50.4208848,30.5325925
50.4152940,30.5485133
50.4147966,30.5484989
50.4141802,30.5485032
50.4136533,30.5485028
50.4154081,30.5478783
50.4152063,30.5467134
50.4145047,30.5466410
50.4145955,30.5472728
50.4138988,30.5479669
50.4144636,30.5479419
50.4137563,30.5472804
50.4130960,30.5485838
50.4131782,30.5479554
50.4124084,30.5487199
50.4117731,30.5488459
50.4195397,30.6519664
50.4214492,30.6434674
50.4221910,30.5154325
50.4225860,30.5164234
50.4205743,30.5172862
50.4222228,30.5191201
50.4213570,30.5197302
50.4207466,30.5200065
50.4199117,30.5208650
50.4194907,30.5210916
50.4191979,30.5210219
50.4185861,30.5213048
50.4181777,30.5219406
50.4180924,30.5210616
50.4156699,30.5195889
50.4149168,30.5200771
50.4145901,30.5210594
50.4149405,30.5214161
50.5160631,30.4239568
50.5150086,30.4245863
50.5088140,30.4054072
50.5085109,30.4062158
50.5094395,30.4068116
50.5093544,30.4050103
50.5089705,30.4079426
50.5085895,30.4072264
50.5108901,30.4080777
50.5101322,30.4061834
50.5113433,30.4081573
50.4714640,30.4106210
50.4696164,30.4108218
50.4715060,30.4100433
50.4459083,30.4267240
50.4454385,30.4270434
50.4144209,30.5328463
50.4607792,30.3781410
50.4612970,30.3783080
50.4628569,30.3836293
50.4627656,30.3808091
50.4625513,30.3812580
50.4623321,30.3816323
50.4606421,30.3794800
50.4611690,30.3800225
50.5019713,30.4573280
50.5018044,30.4553996
50.5015073,30.4558230
50.5019399,30.4562425
50.5016898,30.4565270
50.5024622,30.4530528
50.5032738,30.4520015
50.5034351,30.4528542
50.5025466,30.4521065
50.5029429,30.4523828
50.5040783,30.4567185
50.5042410,30.4577158
50.5035882,30.4589220
50.5035754,30.4567106
50.5038742,30.4519708
50.5038271,30.4528057
50.5043286,30.4522475
50.5047119,30.4517765
50.5049311,30.4526320
50.5043524,30.4529458
50.5052539,30.4519611
50.5039521,30.4537736
50.5043342,30.4538346
50.5041927,30.4550810
50.5044546,30.4561003
50.5046068,30.4553089
50.5047880,30.4546589
50.5048831,30.4533753
50.5049210,30.4539789
50.5031647,30.4582852
50.5058790,30.4568240
50.5071973,30.4575241
50.5060297,30.4552672
50.5066489,30.4549890
50.5073755,30.4546547
50.5084192,30.4542555
50.5086941,30.4565529
50.5066305,30.4520861
50.5062111,30.4536500
50.5081023,30.4567776
50.5088234,30.4512689
50.5097607,30.4511180
50.5108020,30.4509909
50.5112235,30.4520063
50.5106722,30.4518221
50.5100733,30.4516858
50.5095033,30.4517560
50.5095091,30.4523578
50.5093441,30.4530874
50.5089119,30.4541393
50.5088971,30.4547225
50.5089967,30.4555813
50.5090898,30.4564833
50.5095223,30.4563825
50.5092293,30.4570021
50.5098100,30.4554901
50.5104453,30.4563987
50.5093977,30.4540710
50.5112208,30.4532773
50.5116809,30.4549525
50.5116855,30.4558731
50.5110295,30.4542453
50.5127425,30.4535544
50.5126018,30.4526836
50.5136036,30.4528469
50.5126615,30.4547539
50.5131863,30.4552536
50.5136933,30.4548660
50.5141317,30.4544566
50.5145874,30.4540267
50.5150882,30.4535207
50.5152314,30.4543346
50.5153682,30.4503681
50.5151325,30.4510465
50.5151657,30.4516650
50.5165128,30.4502478
50.5170960,30.4501458
50.5170075,30.4508377
50.5170380,30.4514521
50.5172096,30.4523680
50.5172568,30.4530387
50.5173233,30.4538962
50.5161419,30.4509205
50.5161748,30.4517847
50.5157877,30.4523964
50.5165699,30.4544114
50.5164886,30.4538395
50.5193622,30.4519419
50.5183605,30.4535113
50.5199181,30.4526077
50.5218719,30.4541962
50.5259951,30.4555132
50.5252192,30.4545653
50.5255229,30.4555226
50.5248884,30.4587913
50.5211707,30.4539286
50.5204274,30.4549896
50.5240963,30.4566922
50.5222409,30.4562276
50.5215964,30.4568590
50.5223685,30.4570088
50.5213277,30.4578750
50.5243657,30.4609851
50.5239158,30.4619407
50.5203744,30.4612477
50.5192612,30.4635214
50.5183896,30.4590395
50.5182835,30.4599842
50.5178186,30.4593130
50.5170649,30.4597176
50.5169496,30.4607206
50.5156698,30.4613878
50.5165141,30.4600116
50.5152139,30.4606653
50.5136653,30.4621729
50.5142896,30.4621798
50.5142804,30.4636958
50.5142781,30.4652608
50.5146001,30.4662191
50.5147243,30.4627627
50.5147303,30.4642153
50.5156024,30.4667123
50.5162422,30.4670423
50.5172795,30.4669680
50.5169285,30.4662995
50.5171521,30.4646813
50.5179747,30.4608086
50.5178697,30.4618502
50.5175140,30.4627326
50.4962617,30.4583139
50.4964242,30.4590804
50.4959271,30.4591177
50.4955319,30.4580852
50.4946388,30.4569499
50.4944067,30.4560832
50.4949417,30.4590029
50.4948014,30.4595298
50.4943030,30.4596006
50.4935702,30.4610189
50.4927087,30.4573525
50.4930177,30.4581484
50.4930179,30.4589285
50.4924808,30.4594671
50.4927470,30.4583759
50.4923104,30.4577620
50.4919428,30.4572956
50.4921443,30.4593802
50.4918813,30.4583836
50.4916020,30.4645812
50.4608530,30.6222948
50.4610258,30.6230492
50.4612025,30.6236827
50.4605379,30.6211370
50.4609223,30.6199892
50.4614071,30.6211081
50.4624273,30.6200567
50.4614990,30.6223675
50.4601445,30.6199142
50.4599678,30.6192255
50.4597878,30.6185035
50.4601415,30.6160828
50.4595280,30.6173040
50.4615798,30.6159222
50.4624172,30.6174431
50.4605630,30.6171663
50.4605342,30.6183737
50.4620718,30.6223030
50.4635661,30.6215582
50.4639696,30.6231482
50.4634765,30.6238585
50.4619802,30.6238097
50.4616037,30.6249692
50.4480099,30.5263786
50.4464881,30.5280324
50.4465993,30.5306244
50.4466431,30.5316539
50.4462902,30.5326643
50.4455981,30.5340005
50.4449300,30.5331639
50.4439925,30.5320212
50.4442723,30.5315065
50.4438009,30.5317965
50.4435909,30.5315219
50.4433558,30.5311470
50.4907583,30.4609848
50.4903106,30.4612547
50.4899617,30.4617366
50.4899867,30.4628133
50.4913239,30.4633825
50.4894348,30.4620548
50.4897035,30.4623894
50.4906070,30.4645491
50.4893704,30.4664511
50.4901940,30.4652625
50.4907152,30.4601452
50.4917294,30.4567154
50.4917802,30.4561336
50.4914713,30.4555417
50.4913054,30.4537411
50.4913480,30.4529737
50.4910912,30.4512780
50.4911641,30.4518026
50.4912538,30.4524349
50.4860575,30.4659769
50.4868631,30.4656699
50.4862432,30.4667131
50.4874697,30.4658570
50.4878016,30.4669899
50.4871002,30.4681822
50.4860091,30.4678393
50.4865396,30.4686990
50.4853784,30.4669954
50.4842826,30.4648021
50.4845702,30.4655097
50.4846829,30.4668289
50.4841481,30.4659643
50.4834850,30.4657024
50.4843557,30.4688747
50.4845879,30.4678548
50.4850359,30.4681339
50.4847956,30.4701811
50.4858550,30.4715042
50.4861021,30.4709032
50.4865342,30.4712546
50.4863537,30.4701417
50.4868344,30.4707174
50.4868661,30.4700408
50.4875399,30.4694515
50.4882476,30.4683112
50.4886137,30.4674756
50.4847176,30.4751812
50.4856023,30.4761844
50.4866258,30.4791501
50.4867927,30.4812381
50.4862418,30.4793471
50.4859025,30.4797801
50.4856113,30.4803297
50.4848553,30.4793829
50.4833698,30.4767284
50.4835425,30.4776895
50.4842238,30.4763525
50.4825524,30.4774851
50.4020087,30.5179271
50.4046807,30.5224172
50.4023139,30.5191991
50.4017310,30.5204099
50.4023687,30.5211141
50.4030216,30.5218199
50.4035784,30.5226020
50.4139635,30.5237640
50.4143108,30.5228536
50.4146249,30.5239922
50.4158756,30.5233784
50.4120640,30.5267976
50.4119800,30.5278009
50.4122421,30.5285169
50.4125018,30.5293237
50.4132702,30.5312252
50.4133826,30.5321072
50.4107365,30.5307625
50.4114643,30.5305805
50.4119622,30.5318897
50.4114472,30.5318979
50.4116277,30.5325717
50.4107469,30.5317317
50.4109483,30.5323452
50.4111836,30.5332966
50.4119689,30.5338516
50.4123407,30.5330047
50.4114790,30.5341431
50.4128230,30.5347301
50.4120121,30.5346822
50.4111092,30.5348001
50.4134799,30.5374476
50.4128358,30.5380558
50.4138425,30.5332323
50.4136050,30.5336871
50.4139471,30.5347491
50.4146903,30.5351609
50.4144814,30.5361029
50.4147617,30.5332497
50.4148314,30.5337496
50.4149980,30.5343766
50.4145800,30.5345545
50.4151334,30.5351613
50.4151582,30.5359638
50.4155534,30.5363400
50.4072739,30.5153841
50.4077270,30.5107544
50.3978981,30.4983080
50.3983702,30.5018563
50.3984977,30.5032093
50.3991396,30.5046492
50.3972172,30.5043577
50.3964336,30.5034949
50.3970467,30.5053396
50.3972798,30.5061910
50.3976633,30.5071763
50.3979670,30.5058530
50.3980453,30.5080818
50.3995580,30.5062790
50.3987461,30.5075049
50.3988642,30.5083952
50.3994853,30.5082074
50.3996984,30.5073336
50.3998974,30.5101032
50.4008306,30.5095061
50.4013875,30.5100481
50.4028835,30.5153071
50.4427670,30.5195248
50.4430953,30.5178753
50.4419906,30.5231267
50.4432169,30.5214804
50.4401665,30.4752005
50.4396033,30.4743629
50.4390786,30.4739242
50.4385847,30.4746702
50.4382666,30.4755486
50.4390736,30.4762232
50.4487261,30.4679241
50.4143877,30.6139039
50.4141682,30.6153679
50.4135073,30.6156685
50.4150712,30.6159058
50.4146811,30.6176959
50.4144848,30.6166256
50.4154320,30.6183337
50.4153313,30.6196806
50.4146360,30.6195192
50.5153001,30.4889105
50.5139070,30.4898641
50.4494163,30.4796588
50.4497460,30.4776749
50.4500831,30.4791586
50.4499493,30.4822111
50.4489335,30.4839197
50.4475987,30.4854525
50.4471335,30.4885189
50.4498253,30.4924627
50.4605804,30.4838704
50.4586375,30.4869507
50.4655303,30.4911084
50.4648135,30.4918728
50.4640893,30.4925313
50.4630967,30.4870516
50.4631830,30.4877753
50.4633111,30.4884253
50.4522089,30.4821396
50.4521371,30.4831034
50.4522804,30.4873808
50.4533944,30.4881349
50.4462906,30.5357993
50.4460732,30.5354698
50.4458689,30.5353050
50.4455642,30.5359484
50.4458661,30.5360305
50.4455734,30.5386675
50.4443574,30.5379491
50.4450872,30.5388898
50.4356561,30.4862513
50.4360965,30.4869645
50.4352746,30.4854666
50.4348906,30.4846866
50.4344912,30.4839206
50.4364578,30.4873304
50.4365825,30.4875623
50.4366988,30.4877864
50.4355241,30.5057543
50.4375462,30.5051692
50.4378545,30.5046129
50.4376433,30.5049595
50.4385750,30.5053614
50.4387932,30.5047792
50.4478090,30.4638178
50.4475852,30.4669949
50.4479371,30.4720724
50.4487645,30.4736466
50.4489189,30.4727154
50.4490426,30.4718337
50.4493753,30.4698944
50.4482478,30.4708406
50.4484958,30.4692379
50.4495294,30.4689962
50.4492000,30.4754248
50.3990839,30.5292200
50.4459835,30.5006443
50.4455399,30.5057988
50.4591978,30.4880060
50.4576392,30.4792670
50.4573635,30.4785886
50.4569912,30.4787102
50.4568277,30.4770852
50.4564278,30.4760370
50.4551030,30.4715030
50.4554381,30.4708454
50.4555590,30.4700394
50.4553224,30.4692077
50.4548206,30.4683433
50.4549030,30.4699439
50.4545906,30.4705879
50.4540265,30.4696482
50.4538167,30.4685953
50.4543661,30.4678593
50.4541552,30.4675000
50.4540287,30.4714035
50.4546271,30.4722441
50.4551202,30.4728657
50.4551716,30.4735411
50.4545794,30.4737205
50.4539949,30.4740254
50.4528933,30.4721430
50.4276987,30.4935970
50.4274286,30.4941542
50.4275124,30.4956265
50.4271736,30.4949334
50.4275248,30.4971613
50.4273811,30.4965005
50.4276284,30.4979708
50.4280165,30.4975119
50.4272263,30.4958304
50.4269028,30.4953518
50.4458518,30.4215457
50.4453578,30.4223431
50.4455019,30.4229279
50.4451634,30.4238209
50.4447258,30.4222838
50.4454068,30.4304988
50.4449978,30.4311451
50.4445678,30.4309855
50.4283247,30.4454851
50.4282479,30.4459782
50.4279571,30.4468353
50.4278515,30.4473853
50.4272799,30.4470553
50.4272500,30.4485067
50.4266621,30.4479726
50.4265681,30.4473501
50.4268473,30.4464317
50.4266009,30.4461809
50.4281539,30.4464126
50.4275996,30.4458019
50.4275568,30.4451547
50.4267708,30.4448577
50.4255526,30.4473175
50.4261089,30.4488036
50.4309656,30.4518593
50.4305153,30.4521960
50.4302352,30.4531340
50.4306278,30.4537964
50.4316738,30.4523729
50.4316815,30.4532880
50.4300411,30.4543023
50.4294043,30.4546522
50.4288993,30.4550366
50.4283496,30.4557116
50.4287093,30.4566928
50.4326932,30.4519197
50.4329982,30.4507392
50.4332645,30.4496686
50.4335108,30.4504429
50.4333481,30.4510585
50.4332100,30.4516044
50.4329671,30.4526776
50.4335646,30.4524290
50.4338184,30.4495012
50.4341281,30.4502107
50.4349046,30.4508453
50.4346227,30.4501054
50.4354911,30.4507346
50.4347205,30.4514620
50.4345597,30.4521128
50.4347416,30.4529469
50.4441389,30.4308194
50.4258270,30.4500996
50.4254145,30.4514623
50.4250505,30.4527520
50.4244879,30.4523077
50.4248494,30.4507308
50.4253932,30.4503997
50.4256323,30.4496360
50.4254524,30.4487182
50.4251225,30.4494672
50.4250069,30.4501865
50.4259214,30.4494424
50.4252714,30.4456497
50.4246710,30.4464743
50.4248694,30.4457707
50.4251086,30.4449732
50.4259449,30.4438622
50.4256490,30.4440660
50.4263664,30.4442800
50.4261468,30.4450488
50.4256938,30.4466549
50.4259210,30.4460529
50.4260883,30.4475800
50.4265779,30.4455312
50.4284720,30.4449745
50.4287993,30.4445741
50.4284925,30.4441403
50.4323627,30.4503648
50.4320881,30.4515638
50.4326719,30.4491431
50.4322831,30.4484530
50.4319658,30.4495788
50.4316721,30.4484539
50.4317401,30.4503224
50.4314200,30.4514883
50.4309935,30.4507260
50.4287417,30.4502186
50.4280149,30.4496974
50.4276493,30.4501986
50.4275665,30.4507088
50.4273976,30.4510786
50.4273336,30.4514979
50.4276501,30.4517045
50.4283323,30.4522161
50.4285074,30.4518392
50.4286302,30.4514504
50.4239255,30.4732672
50.4237514,30.4720796
50.4236601,30.4726278
50.4235321,30.4736672
50.4232814,30.4741558
50.4229611,30.4731672
50.4231642,30.4727324
50.4231297,30.4720475
50.4225695,30.4714546
50.4219438,30.4707928
50.4221153,30.4715912
50.4219453,30.4720347
50.4214188,30.4715098
50.4216143,30.4710758
50.4212888,30.4707140
50.4209106,30.4717714
50.4218310,30.4727641
50.4223699,30.4733495
50.4246645,30.4714136
50.4242865,30.4709230
50.4238313,30.4703986
50.4222949,30.4685153
50.4220465,30.4692474
50.4218672,30.4694677
50.4216793,30.4697084
50.4235865,30.4690610
50.4232758,30.4687805
50.4231848,30.4682409
50.4233625,30.4678672
50.4228002,30.4682665
50.4227788,30.4674299
50.4238816,30.4684774
50.4241895,30.4679986
50.4246293,30.4671540
50.4242165,30.4672600
50.4238203,30.4667977
50.4248911,30.4666654
50.4251338,30.4662039
50.4253778,30.4657561
50.4237438,30.4653188
50.4246761,30.4655140
50.4240538,30.4645885
50.4249815,30.4641676
50.4252588,30.4636086
50.4243572,30.4633539
50.4247924,30.4625313
50.4255005,30.4631416
50.4269495,30.4634828
50.4399629,30.4781228
50.4405999,30.4786960
50.4413610,30.4792280
50.4406130,30.4766176
50.4422184,30.4806699
50.4429322,30.4809024
50.4435306,30.4810146
50.4414880,30.4803914
50.4415073,30.4810065
50.4409441,30.4815523
50.4412405,30.4820597
50.4417491,30.4696549
50.4414935,30.4689542
50.4411156,30.4676704
50.4407116,30.4685909
50.4408428,30.4695818
50.4401967,30.4689678
50.4399485,30.4681932
50.4400068,30.4670972
50.4405970,30.4669369
50.4389025,30.4674052
50.4391575,30.4684429
50.4406094,30.4640592
50.4404984,30.4634241
50.4403832,30.4627704
50.4402409,30.4621234
50.4403845,30.4612597
50.4399457,30.4614804
50.4390219,30.4619595
50.4395830,30.4620758
50.4396817,30.4626909
50.4398177,30.4633730
50.4399230,30.4639874
50.4394834,30.4645277
50.4389771,30.4644095
50.4383994,30.4650568
50.4383019,30.4643840
50.4381856,30.4637589
50.4380778,30.4630919
50.4386213,30.4624888
50.4392644,30.4632220
50.4388342,30.4638080
50.4387374,30.4631424
50.4391971,30.4607729
50.4376794,30.4623148
50.4378969,30.4617847
50.4377573,30.4609295
50.4375200,30.4614436
50.4373154,30.4606556
50.4374452,30.4599545
50.4369752,30.4598855
50.4372326,30.4581371
50.4378299,30.4582025
50.4379323,30.4587876
50.4380379,30.4593592
50.4380882,30.4601797
50.4387986,30.4577695
50.4389080,30.4583521
50.4390109,30.4589323
50.4482597,30.4484256
50.4490144,30.4489447
50.4483023,30.4475859
50.4485147,30.4452492
50.4490937,30.4465653
50.4487063,30.4447061
50.4487538,30.4439761
50.4490992,30.4422705
50.4489248,30.4427132
50.4488656,30.4432165
50.4365346,30.4592479
50.4362167,30.4587662
50.4364629,30.4584536
50.4360581,30.4595710
50.4365624,30.4601318
50.4368826,30.4607376
50.4355434,30.4592993
50.4357069,30.4607024
50.4355570,30.4612244
50.4351585,30.4617655
50.4355391,30.4621081
50.4373859,30.4631421
50.4372453,30.4638159
50.4375732,30.4641902
50.4374563,30.4653944
50.4367595,30.4635665
50.4365842,30.4643991
50.4366853,30.4653364
50.4350727,30.4635272
50.4363010,30.4677542
50.4359045,30.4683749
50.4356561,30.4689851
50.4354740,30.4695150
50.4352909,30.4700157
50.4349672,30.4709239
50.4347418,30.4713459
50.4367581,30.4685365
50.4363471,30.4691175
50.4393240,30.4690646
50.4388589,30.4701313
50.4383925,30.4712708
50.4376080,30.4743767
50.4381831,30.4740241
50.4386823,30.4733890
50.4394678,30.4722778
50.4399346,30.4715208
50.4380276,30.4706572
50.4364211,30.4758819
50.4367350,30.4749458
50.4368413,30.4790312
50.4372484,30.4797797
50.5152543,30.4323087
50.5155958,30.4316833
50.5144248,30.4315361
50.5147004,30.4308699
50.5148746,30.4300217
50.5147533,30.4284036
50.5136885,30.4271424
50.5130885,30.4319567
50.5134974,30.4310889
50.5134291,30.4264588
50.5133517,30.4287011
50.5133001,30.4296632
50.5126026,30.4287270
50.5118511,30.4287377
50.5117483,30.4299861
50.5125063,30.4308536
50.5130607,30.4256087
50.5139634,30.4241175
50.4689119,30.6207360
50.4693078,30.6193604
50.4689559,30.6183941
50.4673717,30.6185046
50.4672404,30.6176094
50.4666059,30.6181957
50.4697068,30.6181392
50.4701725,30.6172411
50.4690223,30.6177559
50.4681512,30.6170293
50.4686837,30.6166729
50.4692101,30.6162956
50.4668556,30.6160102
50.4708589,30.6151459
50.4634980,30.6170504
50.4644609,30.6177671
50.4639505,30.6183419
50.4630935,30.6176658
50.4635447,30.6188119
50.4652938,30.6188569
50.4654699,30.6195142
50.4655552,30.6201986
50.4656552,30.6210017
50.4659067,30.6217420
50.4667808,30.6239695
50.4662988,30.6229383
50.4654666,30.6253299
50.4661801,30.6248717
50.4650594,30.6242049
50.4647521,30.6231831
50.4644774,30.6221635
50.4642484,30.6209735
50.4646118,30.6254623
50.4631906,30.6260905
50.4624158,30.6248332
50.4639036,30.6269517
50.4626444,30.6261575
50.4622776,30.6275158
50.4620692,30.6267793
50.4618701,30.6260718
50.4501214,30.4574695
50.4482551,30.4640519
50.4474656,30.4643539
50.4467451,30.4654162
50.4469482,30.4661915
50.4474590,30.4658846
50.4452673,30.4498136
50.4450719,30.4489409
50.4446922,30.4462795
50.4447808,30.4471467
50.4444718,30.4475936
50.4439154,30.4472529
50.4215259,30.4864496
50.4213453,30.4872649
50.4212563,30.4880670
50.4216127,30.4892750
50.4222646,30.4907002
50.4213786,30.4904583
50.4494771,30.4711934
50.4117978,30.6281294
50.4122304,30.6286687
50.4121264,30.6385628
50.4127665,30.6403062
50.4130697,30.6414721
50.4133688,30.6426764
50.4135364,30.6438148
50.4145484,30.6432445
50.4142392,30.6376798
50.4134816,30.6380829
50.4162867,30.6423698
50.4165866,30.6378057
50.4172552,30.6382944
50.4159190,30.6383990
50.4159175,30.6373960
50.4152626,30.6368632
50.4152487,30.6376980
50.4476989,30.4840270
50.4468852,30.4856438
50.4514657,30.4501704
50.4477011,30.4702836
50.3994050,30.5111821
50.4034072,30.5140530
50.4030240,30.5136781
50.4029945,30.5130647
50.4030167,30.5122124
50.4160071,30.6389984
50.4156641,30.6478762
50.4169172,30.6501755
50.4172390,30.6496659
50.4182479,30.6512591
50.4170498,30.6465086
50.4167685,30.6455006
50.4153503,30.6459683
50.4495105,30.4482604
50.4500007,30.4480929
50.4498876,30.4486595
50.4458773,30.4903802
50.4455670,30.4954963
50.4458246,30.4967564
50.4452596,30.4957930
50.4446726,30.4964467
50.4448793,30.4991715
50.4447556,30.4987358
50.4444349,30.4981009
50.4456952,30.4944333
50.4627897,30.6110330
50.4625697,30.6116674
50.4622939,30.6122400
50.4619557,30.6127403
50.4615419,30.6132510
50.4610625,30.6136738
50.4601381,30.6146010
50.4595799,30.6136720
50.4595482,30.6145443
50.4623360,30.6088009
50.4612159,30.6089404
50.4600719,30.6090709
50.4589344,30.6091880
50.4344400,30.4853292
50.4262924,30.4696374
50.3882047,30.4895696
50.3881987,30.4912410
50.3878805,30.4901878
50.3888531,30.4882545
50.4247263,30.6494686
50.4249016,30.6502460
50.4253276,30.6509596
50.4256047,30.6500804
50.4260999,30.6504147
50.4260073,30.6490893
50.4252752,30.6487544
50.4253703,30.6480626
50.4264225,30.6488538
50.4263324,30.6476525
50.4269177,30.6498930
50.4277106,30.6494576
50.4271557,30.6471930
50.4279609,30.6500111
50.4270746,30.6505011
50.4271706,30.6518952
50.4276895,30.6529795
50.4284505,30.6523321
50.4286876,30.6495454
50.4288313,30.6501066
50.4291601,30.6514059
50.4293032,30.6519770
50.4300746,30.6514944
50.4301467,30.6507359
50.4298560,30.6496055
50.4296428,30.6504146
50.4294402,30.6490780
50.4284817,30.6488007
50.4292930,30.6483804
50.4279792,30.6466870
50.4285595,30.6475070
50.4287314,30.6460393
50.4223240,30.6478578
50.4228430,30.6523695
50.4224055,30.6533290
50.4218968,30.6542776
50.4209549,30.6545726
50.4266962,30.6535223
50.4257513,30.6527270
50.4258435,30.6536045
50.4267990,30.6557987
50.4269770,30.6566627
50.4314797,30.6548413
50.4313597,30.6555078
50.4324162,30.6552886
50.4294754,30.6562468
50.4297397,30.6567442
50.4296571,30.6575628
50.4291836,30.6578992
50.4290259,30.6590829
50.4287212,30.6581234
50.4285485,30.6570509
50.4290299,30.6566653
50.4288315,30.6604236
50.4291013,30.6615161
50.4287449,30.6629871
50.4276639,30.6611568
50.4280262,30.6626593
50.4281393,30.6605248
50.4285987,30.6621559
50.3886555,30.4925038
50.3888340,30.4937057
50.3881857,30.4942957
50.3877920,30.4929702
50.3882229,30.4932083
50.3874008,30.4917995
50.3868656,30.4904263
50.3862826,30.4890415
50.3886134,30.4952276
50.3892404,30.4961729
50.3891134,30.4918301
50.3895630,30.4927652
50.3899636,30.4925336
50.3903493,30.4923624
50.3907435,30.4922058
50.3962598,30.5084041
50.3961857,30.5049139
50.3956234,30.5028751
50.3958528,30.5039679
50.3932195,30.5060388
50.3938486,30.5068194
50.3936320,30.5043429
50.3941067,30.5035751
50.3950447,30.5028665
50.3952514,30.5032968
50.3954026,30.5045293
50.3947791,30.5050304
50.3944608,30.5046507
50.3942707,30.5042323
50.3949006,30.5070318
50.3945226,30.5064166
50.3954361,30.5051351
50.3952350,30.5016807
50.3948886,30.5009162
50.3949058,30.5001090
50.3943086,30.5002284
50.3943290,30.5008014
50.3935043,30.5010868
50.3938670,30.5008378
50.3939674,30.5030237
50.3935204,30.5025387
50.3932103,30.5013914
50.3929180,30.5046539
50.3926469,30.5050710
50.3893402,30.4884312
50.3898121,30.4884635
50.3905301,30.4881807
50.3901612,30.4883257
50.4272947,30.6613822
50.4277316,30.6632080
50.4273712,30.6638270
50.4269931,30.6632911
50.4268447,30.6612600
50.4263210,30.6615556
50.4259791,30.6620986
50.4264172,30.6638192
50.4267670,30.6642134
50.4264554,30.6627392
50.4006370,30.6166450
50.4255289,30.6643066
50.4245987,30.6638332
50.4243702,30.6627646
50.4248699,30.6630435
50.4366972,30.4519934
50.4352761,30.4530925
50.4343711,30.4534862
50.4509303,30.5098195
50.4507035,30.5100456
50.4363547,30.4512760
50.4338413,30.4533240
50.4356881,30.4525395
50.4351359,30.4523055
50.4510896,30.5103052
50.4503815,30.5105411
50.4504643,30.5111330
50.4495638,30.5122451
50.4494616,30.5125974
50.4162092,30.5213914
50.4157557,30.5217643
50.4292004,30.6624295
50.4256870,30.6624627
50.4258215,30.6629818
50.4259635,30.6635956
50.4260841,30.6641241
50.4261649,30.6645694
50.4251924,30.6628333
50.4239757,30.6641340
50.4232308,30.6635395
50.4239704,30.6657612
50.4234584,30.6648561
50.4159624,30.6198406
50.4517205,30.5086506
50.4421618,30.5345376
50.4426512,30.5339281
50.4421294,30.5351044
50.4428027,30.5348818
50.4442416,30.5368947
50.4444189,30.5359360
50.4350423,30.5409816
50.4416407,30.5381830
50.4440046,30.5333755
50.4445667,30.5334475
50.4504680,30.5083345
50.4504821,30.5072251
50.4509771,30.5071769
50.4502716,30.5049707
50.4501920,30.5046098
50.4498097,30.5046253
50.4522173,30.5091132
50.4500600,30.5063083
50.4003369,30.6236720
50.4014826,30.6234975
50.4458478,30.5188185
50.4460769,30.5188139
50.4512414,30.5126075
50.4509854,30.5134279
50.4458259,30.5166861
50.4504061,30.5099262
50.4525014,30.5095425
50.4504570,30.5055754
50.4483218,30.5155568
50.4457764,30.5171275
50.4050824,30.5209585
50.4353122,30.5180889
50.4345384,30.5108498
50.4345441,30.5104859
50.4724892,30.6361274
50.4729607,30.6373578
50.4423014,30.5380870
50.4448583,30.5346612
50.4448025,30.5337774
50.4451954,30.5352214
50.4430498,30.5351937
50.4425345,30.5376129
50.4426269,30.5353487
50.4430414,30.5372763
50.4421918,30.5366062
50.4410671,30.5298549
50.4461349,30.5347342
50.4443097,30.5338388
50.4291276,30.5316493
50.4407518,30.5067121
50.4407094,30.5074738
50.4410885,30.5050899
50.4409443,30.5056301
50.4404474,30.5086089
50.4395455,30.5082707
50.4401601,30.5089866
50.4394590,30.5073570
50.4392645,30.5072629
50.4384548,30.5080032
50.4390818,30.5073273
50.4388930,30.5071991
50.4387076,30.5071927
50.4383505,30.5068467
50.4405964,30.5078812
50.4402714,30.5070342
50.4385547,30.5065248
50.4389087,30.5062121
50.4379209,30.5066338
50.4379704,30.5062059
50.4381721,30.5061540
50.4383964,30.5059522
50.4391812,30.5052515
50.4395799,30.5048994
50.4392932,30.5038629
50.4393052,30.5058600
50.4396618,30.5055398
50.4402435,30.5055825
50.4391686,30.5036366
50.4389104,30.5034152
50.4403273,30.5042381
50.4407066,30.5039904
50.4410079,30.5037939
50.4413982,30.5033006
50.4399028,30.5040232
50.4398710,30.5035127
50.4396244,30.5034754
50.4392999,30.5026838
50.4382080,30.5031922
50.4379732,30.5034942
50.4310670,30.4490786
50.4307254,30.4502812
50.4301047,30.4496789
50.4695940,30.6251212
50.4707126,30.6272302
50.4686858,30.6265731
50.4686991,30.6256304
50.4711139,30.6290442
50.4639839,30.6342448
50.4641708,30.6349323
50.4643413,30.6356008
50.4657141,30.6277170
50.4665974,30.6271099
50.4668332,30.6311512
50.4682689,30.6301184
50.4691093,30.6290721
50.4693133,30.6299743
50.4687167,30.6312053
50.4681382,30.6315876
50.4665491,30.6322441
50.4654363,30.6349012
50.4640658,30.6331720
50.4637750,30.6321183
50.4629652,30.6311281
50.4627552,30.6297212
50.4635435,30.6292439
50.4699894,30.6319401
50.4697400,30.6312060
50.4703620,30.6298587
50.4711528,30.6303793
50.4695178,30.6279980
50.4682766,30.6268373
50.4679176,30.6271574
50.4656622,30.6286562
50.4652751,30.6289417
50.4648883,30.6291976
50.4690469,30.6281014
50.4366908,30.5052832
50.4364571,30.5056949
50.4361665,30.5070364
50.4359970,30.5078858
50.4358594,30.5074039
50.4374011,30.5058789
50.4363386,30.5088978
50.4368415,30.5094086
50.4371326,30.5095271
50.4375215,30.5067041
50.4370258,30.5064178
50.4404196,30.5091105
50.4403289,30.5096763
50.4402354,30.5102718
50.4396686,30.5021458
50.4409620,30.5004422
50.4406795,30.5007441
50.4403696,30.5012871
50.4400254,30.5016920
50.4366038,30.5070551
50.4364717,30.5078970
50.4364128,30.5082837
50.4367699,30.5076118
50.4366899,30.5083958
50.4712229,30.6321387
50.4692625,30.6334818
50.4709635,30.6331485
50.4706028,30.6334372
50.4702133,30.6336933
50.4696093,30.6362291
50.4704490,30.6371618
50.4702717,30.6385912
50.4707949,30.6348440
50.4731818,30.6381749
50.4734119,30.6389674
50.4736257,30.6397621
50.4725702,30.6396711
50.4722169,30.6399519
50.4718397,30.6402312
50.4720507,30.6385966
50.4713869,30.6385445
50.4714660,30.6412326
50.4726134,30.6346801
50.4723353,30.6330056
50.4703710,30.6362860
50.4707970,30.6378404
50.4703789,30.6351711
50.4710791,30.6241257
50.4729500,30.6228089
50.4709699,30.6254993
50.4715489,30.6276248
50.4728156,30.6237535
50.4724265,30.6240182
50.4720307,30.6242782
50.4728796,30.6253461
50.4732327,30.6246734
50.4742625,30.6219134
50.4746487,30.6225781
50.4748352,30.6234206
50.4737227,30.6242171
50.4751934,30.6260220
50.4756004,30.6247574
50.4745432,30.6269702
50.4747459,30.6276523
50.4749245,30.6283696
50.4730545,30.6273864
50.4742318,30.6285801
50.4748255,30.6296497
50.4747523,30.6307761
50.4743884,30.6310303
50.4740024,30.6312996
50.4731465,30.6311561
50.4733769,30.6319928
50.4735989,30.6328105
50.4738227,30.6336204
50.4761424,30.6287396
50.4758903,30.6316198
50.4751996,30.6317526
50.4748180,30.6322968
50.4750140,30.6332200
50.4753050,30.6342836
50.4755975,30.6353652
50.4777588,30.6325164
50.4780427,30.6349126
50.4782676,30.6356762
50.4783172,30.6365622
50.4770959,30.6374185
50.4753465,30.6362295
50.4749343,30.6368302
50.4761642,30.6372950
50.4757954,30.6375595
50.4753664,30.6378145
50.4751330,30.6387722
50.4743515,30.6377804
50.4735393,30.6348814
50.4747484,30.6357955
50.5032392,30.5987640
50.4758663,30.6213142
50.4766003,30.6204410
50.4773430,30.6194994
50.4775583,30.6202838
50.4775566,30.6212033
50.4777977,30.6220035
50.4766365,30.6220804
50.4780996,30.6191962
50.4787136,30.6210535
50.4789621,30.6221559
50.4791302,30.6227839
50.4794932,30.6238672
50.4786669,30.6237370
50.4788187,30.6243010
50.4789648,30.6248554
50.4784721,30.6261265
50.4769119,30.6264819
50.4770301,30.6254128
50.4759737,30.6231927
50.4770699,30.6238236
50.4776758,30.6292541
50.4786971,30.6274048
50.4783302,30.6279432
50.4794527,30.6266457
50.4796757,30.6274170
50.4799117,30.6282347
50.4787730,30.6298889
50.4792226,30.6304862
50.4793589,30.6309825
50.4795013,30.6315341
50.4788632,30.6336692
50.4792820,30.6351688
50.4798546,30.6345276
50.4808335,30.6347765
50.4809393,30.6333994
50.4816050,30.6339117
50.4816911,30.6322645
50.4819041,30.6330161
50.4811594,30.6299129
50.4795082,30.6205735
50.4801702,30.6213992
50.4804742,30.6221557
50.4806929,30.6229174
50.4809079,30.6237010
50.4812822,30.6256434
50.4823369,30.6246630
50.4820321,30.6265829
50.4821790,30.6271077
50.4822599,30.6278966
50.4818937,30.6288972
50.4820851,30.6296618
50.4822960,30.6304289
50.4813791,30.6275012
50.4831108,30.6268162
50.4833531,30.6290798
50.4838125,30.6287929
50.4831403,30.6277280
50.4838621,30.6255888
50.4841518,30.6309457
50.4843034,30.6314738
50.4832942,30.6315605
50.4831091,30.6329249
50.4846850,30.6321945
50.4865046,30.6300653
50.4859845,30.6304022
50.4856691,30.6290548
50.4870444,30.6279409
50.4869344,30.6290122
50.4870859,30.6295456
50.4873328,30.6303184
50.4883710,30.6324508
50.4842602,30.6299088
50.4881716,30.6351408
50.4877074,30.6355062
50.4881584,30.6364492
50.4876740,30.6373644
50.4876363,30.6386199
50.4874797,30.6398367
50.4869656,30.6401358
50.4869133,30.6413539
50.4864705,30.6333370
50.4856073,30.6338466
50.4860232,30.6353933
50.4852913,30.6379583
50.4847065,30.6333775
50.4840476,30.6342465
50.4855669,30.6404220
50.4859631,30.6412304
50.4862906,30.6423366
50.4861547,30.6432868
50.4854631,30.6421516
50.4838218,30.6361859
50.4983692,30.5971265
50.4983597,30.5985813
50.4983227,30.5933500
50.4983440,30.5948090
50.4983534,30.6009644
50.4983578,30.6023847
50.5031435,30.4453799
50.5043619,30.4460034
50.5039185,30.4451015
50.5034952,30.4442835
50.5019024,30.4468367
50.5009863,30.4475024
50.5050471,30.4505400
50.5026970,30.4495051
50.5019111,30.4510895
50.5018194,30.4500450
50.5057758,30.4439038
50.5059670,30.4444826
50.5064669,30.4445405
50.5055577,30.4422641
50.5057475,30.4428461
50.5062416,30.4429037
50.5053025,30.4406987
50.5054923,30.4412857
50.5059895,30.4413483
50.4280475,30.6641448
50.4268855,30.6653423
50.4265060,30.6697563
50.4265919,30.6706278
50.4267415,30.6715933
50.4265641,30.6724273
50.4266524,30.6732903
50.4256047,30.6713093
50.4269532,30.6601978
50.4263530,30.6609271
50.4257057,30.6608898
50.4254922,30.6597436
50.4260209,30.6592063
50.4252812,30.6588135
50.4258427,30.6585079
50.4263688,30.6581109
50.4252034,30.6616391
50.4252812,30.6607769
50.4240896,30.6617204
50.4237347,30.6602154
50.4225494,30.6597366
50.4220452,30.6590745
50.4221970,30.6579304
50.4235798,30.6519850
50.4240301,30.6517185
50.4234900,30.6505888
50.4244851,30.6508903
50.4240331,30.6502840
50.4230088,30.6503022
50.4232660,30.6513130
50.4242662,30.6495835
50.4241243,30.6490509
50.4238608,30.6489526
50.4233868,30.6492411
50.4229148,30.6495249
50.4237392,30.6526658
50.4244298,30.6548212
50.4241696,30.6523420
50.4253164,30.6542829
50.4250631,30.6525784
50.4251867,30.6530654
50.4247922,30.6519502
50.4244857,30.6521452
50.4248442,30.6543655
50.4261524,30.6573636
50.4250873,30.6579828
50.4262506,30.6556291
50.4264325,30.6563321
50.4228387,30.6569984
50.4234700,30.6590565
50.4239599,30.6578857
50.4245952,30.6584314
50.4245491,30.6577721
50.4238773,30.6563125
50.4243577,30.6673934
50.4243717,30.6681199
50.4239938,30.6679707
50.4235935,30.6677933
50.4236660,30.6672298
50.4238952,30.6667511
50.4233684,30.6689514
50.4234087,30.6696802
50.4231398,30.6708891
50.4235135,30.6706213
50.4239132,30.6699054
50.4242000,30.6693506
50.4246533,30.6690918
50.4250764,30.6691992
50.4254500,30.6694387
50.4250634,30.6697519
50.4252432,30.6705211
50.4250434,30.6716165
50.4246676,30.6715103
50.4242340,30.6712437
50.4245163,30.6697321
50.4243609,30.6705868
50.4248272,30.6710321
50.4256735,30.6731804
50.4237133,30.6717927
50.4233234,30.6716243
50.4229390,30.6714652
50.4231714,30.6724331
50.4226096,30.6734434
50.4242168,30.6719608
50.4240792,30.6727632
50.4245608,30.6729255
50.4245854,30.6741987
50.4240840,30.6756181
50.4240255,30.6741095
50.4274968,30.6701233
50.4275360,30.6715172
50.4986524,30.5918601
50.4979064,30.5905207
50.4980467,30.5913757
50.4991532,30.5914417
50.5003062,30.5925633
50.5000599,30.5931914
50.5000547,30.5941294
50.5006054,30.5936948
50.5018082,30.5949126
50.5015691,30.5955319
50.5021275,30.5959791
50.5015627,30.5964175
50.4992110,30.5940856
50.5069735,30.4441759
50.5067903,30.4425382
50.5065568,30.4408853
50.5066676,30.4454461
50.5069388,30.4460751
50.5069142,30.4389731
50.5061427,30.4383249
50.5062541,30.4371195
50.5072296,30.4360836
50.4511128,30.5086809
50.4507704,30.5094888
50.4504452,30.5092203
50.4513141,30.5074034
50.4498771,30.5096702
50.4497243,30.5095817
50.4495748,30.5094726
50.4492334,30.5091872
50.4492918,30.5087232
50.4493930,30.5081902
50.4494960,30.5088822
50.4496277,30.5084554
50.4495810,30.5068060
50.4496509,30.5062594
50.4496239,30.5058464
50.4495803,30.5054677
50.4495402,30.5052078
50.4502990,30.5066750
50.4506791,30.5052260
50.4507649,30.5057409
50.4509264,30.5060268
50.4199414,30.6576274
50.4190189,30.6587747
50.4171786,30.6597100
50.4176503,30.6589661
50.4182385,30.6580150
50.4187319,30.6572022
50.4492104,30.5065200
50.4492049,30.5068270
50.4491724,30.5070756
50.4491175,30.5074260
50.4489802,30.5083330
50.4487603,30.5085823
50.4488563,30.5091959
50.4486431,30.5090956
50.4483218,30.5089881
50.4475663,30.5086407
50.4472335,30.5083414
50.4483921,30.5080854
50.4473719,30.5066860
50.4475972,30.5066939
50.4476065,30.5065869
50.4478849,30.5050638
50.4480080,30.5044092
50.4482170,30.5055344
50.4028940,30.6272181
50.4033549,30.6282986
50.4055437,30.6289561
50.5073467,30.4353088
50.5082997,30.4342742
50.5091697,30.4368148
50.5093768,30.4376559
50.5084289,30.4368375
50.5088885,30.4379511
50.5082380,30.4378124
50.5080852,30.4388192
50.5072764,30.4454817
50.5076573,30.4454906
50.5076662,30.4448015
50.5080487,30.4448112
50.5087482,30.4353782
50.5088877,30.4359801
50.5092326,30.4357305
50.5098153,30.4359511
50.5098593,30.4338890
50.5083973,30.4334724
50.5052735,30.4358663
50.5049299,30.4348770
50.5028386,30.4383227
50.4031860,30.6239378
50.4038958,30.6299974
50.4147021,30.6601352
50.4149972,30.6588081
50.4056321,30.6716251
50.4037620,30.6236211
50.4048532,30.6202418
50.4052460,30.6210709
50.4043596,30.6232403
50.4022207,30.6304941
50.5023316,30.4394648
50.5016732,30.4399973
50.5019906,30.4405965
50.5013449,30.4412289
50.5019863,30.4368307
50.5021964,30.4357816
50.5027953,30.4351609
50.5011529,30.4363539
50.4998831,30.4390121
50.4999285,30.4381183
50.4998758,30.4372521
50.5010274,30.5981617
50.5010197,30.5998446
50.5010283,30.6014140
50.5029966,30.5975745
50.5026607,30.5983377
50.5026635,30.5992586
50.5026895,30.6000895
50.5026882,30.6009332
50.5039296,30.6000037
50.5033850,30.6015602
50.5018806,30.6029352
50.5006134,30.5952368
50.4992400,30.5978626
50.4992199,30.6017063
50.4990586,30.6039960
50.4994901,30.6048787
50.4989153,30.6053243
50.4984895,30.6044434
50.4999873,30.6036779
50.4999701,30.6023641
50.4991999,30.5778257
50.4211301,30.6876876
50.4202549,30.6870554
50.4202738,30.6864261
50.4204542,30.6858649
50.4206453,30.6853651
50.4209048,30.6849018
50.4217686,30.6855223
50.4224404,30.6859981
50.4222089,30.6867757
50.4220098,30.6874501
50.4218044,30.6881444
50.4196374,30.6859910
50.4225868,30.6897353
50.4221067,30.6899022
50.4212784,30.6885170
50.4230725,30.6868580
50.4226675,30.6883738
50.4210736,30.6842156
50.4200394,30.6849965
50.4237895,30.6882850
50.4240313,30.6821779
50.4233774,30.6843755
50.4240259,30.6876512
50.4218707,30.6891086
50.4383590,30.6414182
50.4382211,30.6425510
50.4390734,30.6410940
50.4375042,30.6428922
50.4369403,30.6436530
50.4362515,30.6448374
50.4361146,30.6456746
50.4366807,30.6457080
50.4372477,30.6457287
50.4378085,30.6406540
50.4392079,30.6399490
50.4389038,30.6421915
50.4183753,30.6531121
50.4184779,30.6535649
50.4192379,30.6539785
50.4179342,30.6519699
50.4183382,30.6552930
50.4179287,30.6562523
50.5004011,30.5791180
50.4979398,30.5874126
50.4986712,30.5869743
50.4998057,30.5894323
50.4997629,30.5877495
50.4461922,30.5224763
50.4249089,30.4542950
50.4999034,30.5812044
50.4990655,30.5800080
50.5024396,30.5812235
50.5021425,30.5837158
50.5009716,30.5829437
50.5008622,30.5851535
50.4994708,30.5851465
50.4974253,30.5853525
50.4985592,30.5848693
50.5032320,30.5826794
50.3956716,30.6255386
50.3953499,30.6234508
50.3950801,30.6214231
50.3947311,30.6193272
50.4388141,30.4539963
50.4379114,30.4545254
50.4390095,30.4552240
50.4392483,30.4563121
50.4381686,30.4530924
50.4375933,30.4548968
50.4373005,30.4546079
50.4379329,30.4566911
50.4377911,30.4572256
50.4363932,30.4557807
50.4365905,30.4568618
50.4366947,30.4549911
50.4359726,30.4554010
50.4371199,30.4572284
50.4363960,30.4576388
50.4351415,30.4560036
50.4353090,30.4568701
50.4354483,30.4577631
50.4357215,30.4580994
50.4113972,30.6509622
50.4219537,30.6517677
50.4226907,30.6510720
50.4400842,30.5173204
50.4393200,30.4571569
50.4398568,30.4585074
50.4396312,30.4590595
50.5015908,30.5898922
50.5051273,30.5851941
50.5027354,30.5897511
50.5033527,30.5907918
50.5029710,30.5863642
50.4944442,30.5783098
50.4947337,30.5793039
50.4947703,30.5804980
50.4945530,30.5813279
50.4937961,30.5775345
50.4939887,30.5796893
50.4940004,30.5808148
50.4933175,30.5813434
50.4932752,30.5802056
50.4930127,30.5784875
50.4926795,30.5768957
50.4932458,30.5830800
50.4350062,30.4578780
50.4337124,30.4570789
50.4328636,30.4564040
50.4322735,30.4555180
50.4329501,30.4550252
50.4345600,30.4549300
50.4347544,30.4560631
50.4340596,30.4553807
50.4342029,30.4560801
50.4323005,30.4559693
50.4336621,30.4547139
50.4349806,30.4572429
50.4346243,30.4577832
50.4396782,30.4574885
50.5018053,30.5871736
50.5020137,30.5888325
50.5040058,30.5851196
50.5035812,30.5885020
50.5042400,30.5895607
50.5045523,30.5873632
50.5034781,30.5931792
50.5040276,30.5927679
50.5043059,30.5942707
50.5043164,30.5955277
50.5050506,30.5953460
50.5057953,30.5961407
50.5061125,30.5868576
50.5060713,30.5949003
50.5068942,30.5938232
50.5075565,30.5938059
50.5072047,30.5897984
50.5075901,30.5909554
50.5078197,30.5900354
50.5079738,30.5925996
50.5085116,30.5924427
50.5093938,30.5930083
50.5048151,30.6033069
50.5052348,30.6038031
50.5039583,30.6037482
50.5034638,30.6052625
50.5053761,30.6049195
50.5037652,30.6062244
50.5042311,30.6072529
50.5048851,30.6073566
50.5054913,30.6073670
50.5061131,30.6073954
50.5066187,30.6065287
50.5032110,30.6065741
50.5030131,30.6077971
50.5027819,30.6089574
50.5036720,30.6085534
50.5010555,30.6068537
50.5017589,30.6087755
50.5012611,30.6084054
50.5006420,30.6072341
50.4381777,30.4541344
50.4341991,30.4544813
50.4349564,30.4589020
50.4343408,30.4582972
50.4328637,30.4571590
50.4322851,30.4567216
50.4316159,30.4567436
50.4320747,30.4577303
50.4310548,30.4583820
50.5018350,30.6106627
50.5023587,30.6123484
50.5029054,30.6122874
50.5035023,30.6120225
50.5035675,30.6139077
50.5045279,30.6148540
50.5054615,30.6140748
50.5057535,30.6149751
50.5058797,30.6162262
50.5057020,30.6088439
50.5061610,30.6093936
50.5061438,30.6102432
50.5062851,30.6113570
50.5069907,30.6116969
50.5075357,30.6117131
50.5069156,30.6084319
50.5069976,30.6095408
50.5074489,30.6103280
50.5081397,30.6105715
50.5088134,30.6119030
50.5087862,30.6128818
50.5087739,30.6138605
50.5087502,30.6148534
50.5078189,30.6124365
50.5084703,30.6159402
50.5073006,30.6166854
50.5068380,30.6172308
50.5079270,30.6171519
50.5085979,30.6180743
50.5096897,30.6161587
50.5093604,30.6112572
50.5102670,30.6131798
50.5104958,30.6137697
50.5108560,30.6155307
50.5094996,30.6177893
50.5096044,30.6185835
50.5114321,30.6138920
50.5066942,30.6025462
50.5071737,30.6030848
50.5079034,30.5999603
50.5072059,30.6007682
50.5074399,30.6000166
50.5068174,30.6012736
50.5074552,30.6015083
50.5076096,30.6026023
50.5081528,30.6010962
50.5095666,30.5983192
50.5102199,30.5993540
50.5114531,30.5989430
50.5115028,30.6003299
50.5079530,30.6036345
50.5088247,30.6037920
50.5094962,30.6038042
50.5088170,30.6048976
50.5092395,30.6005379
50.4507581,30.4920639
50.4510579,30.4915633
50.4513898,30.4913453
50.4519550,30.4936973
50.4519185,30.4944723
50.4516876,30.4947504
50.4514845,30.4949541
50.5022144,30.4427990
50.4502973,30.4742780
50.4520628,30.4733927
50.4514454,30.4714343
50.4520373,30.4711738
50.4525234,30.4719011
50.4526022,30.4713415
50.4527154,30.4698492
50.4531800,30.4705817
50.4536085,30.4710536
50.4526349,30.4705649
50.4535565,30.4721497
50.4543805,30.4745702
50.4523509,30.4682776
50.4544128,30.4791893
50.4537000,30.4788771
50.4548494,30.4797879
50.4546400,30.4810844
50.4544596,30.4822020
50.4617362,30.4654495
50.4613078,30.4658343
50.4606830,30.4656237
50.4604125,30.4637341
50.4609099,30.4642607
50.4597165,30.4655402
50.4580352,30.4730250
50.4571485,30.4724887
50.4604220,30.4743126
50.4616388,30.4767417
50.4615337,30.4782348
50.4614742,30.4794384
50.4623213,30.4791161
50.4629890,30.4776896
50.4632014,30.4769631
50.4622250,30.4773865
50.4623760,30.4748314
50.4627375,30.4795969
50.4622942,30.4806331
50.4585625,30.4815721
50.4589965,30.4825188
50.4584503,30.4839669
50.4577893,30.4824043
50.4592193,30.4835576
50.4478773,30.4938240
50.4486796,30.4936064
50.4497449,30.4955305
50.4504926,30.4959644
50.4944382,30.5832287
50.4942089,30.5837093
50.4936285,30.5838781
50.4933609,30.5843505
50.4940127,30.5821575
50.4497863,30.4946813
50.4474434,30.4947198
50.4473283,30.4954980
50.4475693,30.4959693
50.4478016,30.4953408
50.4502768,30.4956157
50.4508003,30.4957173
50.4499164,30.4959021
50.4498844,30.4966783
50.4501026,30.4962997
50.4509416,30.4983329
50.4558497,30.5072451
50.4845471,30.6384757
50.4482011,30.4913020
50.5118981,30.6034119
50.5122129,30.6021624
50.5127448,30.6024761
50.5133559,30.6028098
50.5126506,30.6035678
50.5139271,30.6048685
50.5151989,30.6055559
50.4481962,30.5213067
50.4556051,30.5044049
50.4541124,30.5057010
50.4568320,30.5032113
50.4573722,30.5061100
50.4555565,30.5038177
50.4531210,30.5049930
50.4532075,30.5019011
50.4533280,30.5021807
50.4535194,30.5019808
50.4528351,30.5027962
50.4563409,30.5032867
50.4564383,30.5028287
50.4566818,30.5023864
50.4562479,30.5044455
50.4567395,30.5047568
50.4568117,30.5052095
50.4484984,30.5188344
50.3933657,30.5001543
50.3943904,30.4992976
50.3932638,30.4988482
50.3940232,30.4972868
50.3929311,30.4977216
50.3940167,30.4948535
50.3936421,30.4961877
50.3930643,30.4968236
50.3929584,30.4961167
50.3938386,30.4930576
50.3937527,30.4939910
50.3937145,30.4921351
50.3931233,30.4931633
50.3930745,30.4942056
50.4508981,30.5214609
50.4507482,30.5215290
50.4991167,30.5880199
50.4516161,30.5228532
50.4519522,30.5226536
50.4516763,30.5232425
50.4520615,30.5228774
50.4519189,30.5234854
50.4521009,30.5236670
50.4535800,30.5220541
50.4540009,30.5220726
50.4541009,30.5216555
50.4531959,30.5221990
50.4532897,30.5230410
50.4544827,30.5213755
50.4524557,30.5212847
50.4526183,30.5210096
50.4531526,30.5204832
50.4532878,30.5207423
50.4531923,30.5217366
50.4534482,30.5214666
50.4980989,30.5824426
50.4983377,30.5830871
50.4985758,30.5824369
50.4983192,30.5842328
50.4980817,30.5848617
50.4385130,30.5164554
50.4919692,30.5757268
50.5013200,30.5805515
50.5016117,30.5800129
50.5017656,30.5807106
50.5034788,30.5820543
50.5029983,30.5820458
50.4025185,30.5168497
50.4027309,30.5195409
50.4031811,30.5198411
50.4036159,30.5201794
50.4040513,30.5204695
50.4019296,30.5164362
50.4008946,30.5266545
50.4003613,30.5270691
50.4004290,30.5279877
50.4028662,30.5235606
50.4032092,30.5243723
50.4025309,30.5227057
50.4019219,30.5254693
50.4020965,30.5239357
50.4020314,30.5243093
50.4012000,30.5291292
50.4004629,30.5296467
50.4002605,30.5298730
50.4016446,30.5286183
50.3996946,30.5283458
50.3995345,30.5275889
50.3998483,30.5269240
50.3995470,30.5268692
50.3999919,30.5255077
50.4020857,30.5264255
50.4016703,30.5300815
50.4317028,30.6772895
50.5100243,30.6046603
50.5096826,30.6054138
50.5098410,30.6062203
50.5103505,30.6065488
50.5108521,30.6060896
50.5115093,30.6077712
50.5107314,30.6077987
50.5107126,30.6089730
50.5116599,30.6094973
50.5109102,30.6101848
50.5114452,30.6104604
50.5124831,30.6101176
50.5121490,30.6108068
50.5133349,30.6100989
50.5131888,30.6114379
50.5123807,30.6118977
50.5128902,30.6082272
50.5136282,30.6087151
50.5140510,30.6074058
50.5145664,30.6080211
50.4398781,30.5118117
50.4399637,30.5114041
50.4395183,30.5111910
50.4393451,30.5112431
50.4391835,30.5110485
50.4387076,30.5108611
50.4386587,30.5117990
50.4378547,30.5105464
50.4381420,30.5110251
50.4383081,30.5115071
50.4378563,30.5126743
50.4370337,30.5105657
50.5149647,30.6126552
50.5150807,30.6141059
50.5145002,30.6135377
50.5161548,30.6142929
50.5158367,30.6153478
50.5158630,30.6097343
50.5166262,30.6091118
50.5175211,30.6121008
50.5174064,30.6141181
50.5167056,30.6151024
50.5169791,30.6069506
50.5183167,30.6079515
50.5183834,30.6106711
50.5190896,30.6086054
50.5195259,30.6104729
50.5201423,30.6103133
50.5205867,30.6100944
50.5206375,30.6092943
50.5208238,30.6130577
50.5180182,30.6159855
50.5189824,30.6159090
50.5186114,30.6170535
50.5202789,30.6157294
50.5197918,30.6155544
50.5205904,30.6168222
50.5198429,30.6167929
50.4084404,30.4069524
50.4091745,30.4095948
50.4083587,30.4055634
50.4089508,30.4061443
50.4088573,30.4050432
50.4090877,30.4113928
50.4086776,30.4101318
50.4082965,30.4085859
50.4100102,30.4118415
50.4115800,30.4101446
50.4112482,30.4096426
50.4110898,30.4109365
50.4107443,30.4103455
50.4097137,30.4019484
50.4093152,30.4016979
50.4098601,30.4030011
50.4094614,30.4027513
50.4099442,30.4039929
50.4095455,30.4037432
50.4100292,30.4049591
50.4096306,30.4047091
50.4074502,30.4017626
50.4078470,30.4018499
50.4067998,30.4007761
50.4076295,30.4009966
50.4080105,30.4010947
50.4078170,30.4002368
50.4081981,30.4003355
50.4080132,30.3994838
50.4083936,30.3995837
50.4085992,30.3988945
50.4089797,30.3989909
50.4087890,30.3980911
50.4075015,30.4035848
50.5036235,30.4410491
50.3954175,30.6338532
50.5022574,30.5860645
50.5029663,30.5854883
50.4903157,30.5773785
50.4915736,30.5786514
50.4921269,30.5781712
50.4922452,30.5794040
50.4920431,30.5767096
50.4913111,30.5771731
50.4910211,30.5761057
50.4903634,30.5762431
50.4962309,30.5215668
50.4959889,30.5199184
50.4962740,30.5196543
50.4721569,30.3398475
50.4725990,30.3412678
50.4954598,30.5230328
50.4935704,30.5250062
50.4166913,30.5554195
50.4175123,30.5562728
50.4158806,30.5513268
50.4151712,30.5529045
50.4155526,30.5531058
50.4166248,30.5543396
50.4171776,30.5538233
50.4163968,30.5518029
50.4161738,30.5561830
50.4154740,30.5540340
50.4158365,30.5521695
50.4168932,30.5561838
50.4157544,30.5547296
50.4151210,30.5542696
50.4171910,30.5531441
50.4159618,30.5540722
50.4162345,30.5549464
50.4916181,30.5826049
50.4924247,30.5843933
50.4927516,30.5840174
50.4925988,30.5920520
50.4930581,30.5914392
50.4921119,30.5927573
50.4919308,30.5941787
50.4931256,30.5950982
50.4932709,30.5960752
50.4920236,30.5956774
50.4921560,30.5967027
50.4923026,30.5977040
50.4924417,30.5987032
50.4118303,30.4076567
50.4122218,30.4085013
50.4117430,30.4064765
50.4113170,30.4041196
50.4126061,30.4080253
50.4108914,30.4030564
50.4109254,30.4019159
50.4104231,30.4011816
50.4125942,30.4056671
50.4117497,30.4029198
50.4122634,30.4043864
50.4129897,30.4041043
50.4115934,30.4019054
50.4099430,30.4004652
50.4132197,30.4065308
50.4139501,30.4052169
50.4137250,30.4042065
50.4127740,30.4023025
50.4105440,30.4002204
50.4112825,30.4004986
50.4121278,30.3998802
50.4111884,30.3987162
50.4123042,30.3990976
50.4133013,30.4001862
50.4153493,30.4030499
50.4163891,30.4017742
50.4157545,30.4004635
50.4162605,30.3999258
50.4171430,30.4007880
50.4151147,30.3981431
50.4155396,30.3989348
50.4167734,30.3982639
50.4146405,30.3974053
50.4168588,30.3993046
50.4161444,30.3975917
50.4091701,30.3981905
50.5133646,30.6159371
50.5133812,30.6175799
50.4180643,30.5561188
50.4186354,30.5551458
50.4182768,30.5554538
50.4191149,30.5507285
50.5088944,30.5127454
50.5107270,30.5098800
50.5104630,30.5076847
50.4603508,30.3715693
50.4944471,30.5926812
50.4938516,30.5922058
50.4939666,30.5949306
50.4930699,30.5973971
50.4934644,30.5985645
50.4926182,30.5958489
50.4938068,30.6007499
50.4932936,30.6009320
50.4927580,30.6011018
50.4916097,30.5994182
50.4929014,30.6031424
50.4912847,30.5935991
50.4901666,30.5972977
50.4897364,30.5928756
50.4890558,30.5921967
50.4887861,30.5947293
50.4885848,30.5930838
50.4878497,30.5926245
50.4888092,30.5968665
50.4897479,30.5987901
50.4897986,30.6005353
50.4902813,30.6010317
50.4872961,30.5936201
50.5126824,30.6172583
50.5116146,30.6198045
50.5107830,30.6213379
50.5111514,30.6218232
50.5117760,30.6215196
50.5125137,30.6223593
50.5132072,30.6204375
50.5136524,30.6198568
50.5142598,30.6194273
50.5148712,30.6190592
50.5154697,30.6186334
50.5150403,30.6173294
50.5135512,30.6223742
50.5144077,30.6220171
50.5145961,30.6210420
50.5151649,30.6211340
50.5155561,30.6197433
50.5161358,30.6202694
50.5169604,30.6220237
50.5146939,30.6230661
50.5138329,30.6237605
50.5147504,30.6239882
50.5174187,30.6230077
50.5172362,30.6239652
50.5172139,30.6251686
50.5163135,30.6248825
50.5157313,30.6252492
50.5152469,30.6247964
50.5140623,30.6208592
50.5167973,30.6205987
50.5197283,30.6202318
50.5198932,30.6215508
50.5195949,30.6240832
50.5196232,30.6258300
50.5187008,30.6262816
50.5189287,30.6212787
50.5182267,30.6192070
50.5174466,30.6198739
50.5180521,30.6238506
50.5181187,30.6251868
50.5181202,30.6225295
50.5178844,30.6216844
50.5176675,30.6208680
50.4259575,30.5270365
50.4256575,30.5257470
50.4254057,30.5250663
50.4251328,30.5243481
50.4248988,30.5236589
50.4260319,30.5233331
50.4258210,30.5240152
50.4254693,30.5231550
50.4254069,30.5225155
50.4178919,30.3974442
50.4174777,30.3973963
50.4197482,30.3976828
50.4194587,30.3984593
50.4354543,30.4495837
50.4351061,30.4495553
50.4339940,30.4485517
50.4336333,30.4484105
50.4325197,30.4474690
50.4321805,30.4474276
50.4309369,30.4462862
50.4305818,30.4462645
50.4301737,30.4457622
50.4276293,30.4478731
50.4254377,30.4435523
50.5232276,30.6265809
50.5231885,30.6274802
50.5237731,30.6271094
50.5244017,30.6231481
50.5243649,30.6239678
50.5247701,30.6258073
50.5249247,30.6271486
50.5253559,30.6261486
50.5262677,30.6243235
50.5262279,30.6251561
50.5261914,30.6260164
50.5261475,30.6268692
50.5247721,30.6213211
50.5259577,30.6214880
50.5276595,30.6208858
50.5281128,30.6212725
50.5277817,30.6217950
50.5279634,30.6260519
50.5283832,30.6270903
50.5282039,30.6280215
50.5280590,30.6252439
50.4500738,30.5951523
50.4488539,30.5908892
50.4915726,30.5923550
50.4938204,30.5907756
50.4941683,30.5908791
50.4902486,30.5896895
50.4899207,30.5906746
50.4905545,30.5889856
50.4907410,30.5883409
50.4908701,30.5877082
50.4903269,30.5870252
50.4896926,30.5862249
50.4899592,30.5886431
50.4470981,30.4949084
50.5004811,30.4290602
50.5006178,30.4279915
50.4565176,30.4975248
50.4565767,30.4967244
50.4915724,30.5859495
50.4910816,30.5857792
50.4905751,30.5855872
50.4190981,30.6476733
50.4888794,30.5901608
50.4886957,30.5911624
50.4886190,30.5890712
50.4885256,30.5885145
50.4880718,30.5893170
50.4867170,30.5866446
50.4899784,30.5920141
50.4845960,30.5862402
50.4565737,30.4952581
50.4560664,30.4940916
50.4192903,30.6438662
50.4191854,30.6428145
50.4204468,30.6428370
50.4237809,30.6015566
50.4244720,30.6024949
50.4246005,30.6014122
50.4238288,30.5991092
50.4241144,30.5996098
50.4243903,30.6001242
50.4253222,30.6022267
50.4260205,30.6010981
50.4261306,30.6000410
50.4269103,30.6012356
50.4269965,30.5991783
50.4265513,30.5957589
50.4265674,30.5976434
50.4293243,30.6036394
50.4288500,30.6010817
50.4300085,30.5960416
50.4248241,30.4433657
50.4244353,30.4445545
50.4244153,30.4427466
50.4237348,30.4423344
50.4333313,30.4537285
50.4328400,30.4541795
50.4323075,30.4543652
50.4327354,30.4531345
50.4323432,30.4534064
50.4313621,30.4539508
50.4287091,30.4545152
50.4293415,30.4540503
50.4301327,30.4522754
50.4298721,30.4532168
50.4297179,30.4526892
50.4295587,30.4519547
50.4294272,30.4508055
50.4289781,30.4516151
50.4290762,30.4521401
50.4287704,30.4523492
50.4297560,30.4512809
50.5239598,30.6186018
50.5240354,30.6170698
50.5241094,30.6155552
50.5245065,30.6139133
50.5255842,30.6140619
50.5259232,30.6180604
50.5263501,30.6173102
50.5270780,30.6175886
50.5269902,30.6162133
50.5259120,30.6118572
50.5263652,30.6113494
50.5262132,30.6106284
50.5257231,30.6103558
50.5270158,30.6111403
50.5273443,30.6116561
50.5275078,30.6123719
50.5279410,30.6127123
50.5277371,30.6112417
50.5288338,30.6113492
50.5295696,30.6114020
50.5297693,30.6129087
50.5291726,30.6118526
50.5293361,30.6125685
50.5276151,30.6172077
50.5277098,30.6183980
50.5281734,30.6173977
50.5285866,30.6182762
50.5291986,30.6176687
50.5297978,30.6170539
50.5287654,30.6170020
50.5293687,30.6161963
50.5303191,30.6157490
50.5303447,30.6149820
50.5303722,30.6140235
50.5315021,30.6113148
50.5322599,30.6112010
50.5321118,30.6132711
50.5280779,30.6190541
50.5250662,30.6129181
50.4025823,30.5302911
50.4028862,30.5307770
50.4023877,30.5310239
50.4004266,30.5308133
50.3997414,30.5323329
50.4941252,30.6027728
50.4938361,30.6025608
50.4936871,30.6041230
50.4921384,30.6065635
50.4925446,30.6057249
50.4911637,30.6082963
50.4917191,30.6073989
50.4910068,30.6062471
50.4905118,30.6078250
50.4908341,30.6028272
50.4898879,30.6022693
50.4900095,30.6030954
50.4900288,30.6070338
50.4909520,30.6019245
50.4911302,30.6021470
50.4912599,30.6030267
50.4887303,30.6026684
50.4891398,30.6038143
50.4896875,30.6081256
50.4895839,30.6068410
50.4889998,30.6071604
50.4886994,30.6079376
50.4893254,30.6091906
50.4881659,30.6095844
50.4885869,30.6035997
50.4886563,30.6085683
50.4460353,30.4199027
50.4457646,30.4188007
50.4456289,30.4206119
50.4448994,30.4205219
50.4440734,30.4215651
50.4210985,30.4912253
50.4224131,30.4919912
50.4242076,30.4935792
50.4237439,30.4932505
50.4217485,30.4917597
50.4187167,30.6537634
50.4744939,30.3987894
50.4180417,30.6545580
50.4873159,30.6021195
50.4874120,30.6030644
50.4876945,30.6036816
50.4877638,30.6012093
50.4882480,30.6001379
50.4875447,30.5995377
50.4866101,30.5930406
50.4867623,30.5954578
50.4869498,30.6040592
50.4874567,30.6046656
50.4871691,30.6055613
50.4882025,30.6045065
50.4879744,30.6057231
50.4875567,30.6069934
50.4876972,30.6082010
50.4882576,30.6063416
50.4723447,30.5130828
50.4726203,30.5136622
50.4712569,30.5135212
50.4715950,30.5141076
50.4719540,30.5146019
50.4716813,30.5129330
50.4702285,30.4204329
50.4197066,30.4539676
50.4202285,30.4545270
50.4211646,30.4556829
50.4207146,30.4567470
50.4205112,30.4554014
50.4198933,30.4563502
50.4189741,30.4558507
50.4193767,30.4560223
50.4182155,30.4554782
50.4177465,30.4549045
50.4222333,30.4525555
50.4217568,30.4537837
50.4225766,30.4530962
50.4244642,30.4575453
50.4255929,30.4584725
50.4262978,30.4585470
50.4250646,30.4559309
50.4249109,30.4564309
50.4247676,30.4569340
50.4244105,30.4558841
50.4260156,30.4556658
50.4261078,30.4561886
50.4265407,30.4561012
50.4263634,30.4552861
50.4279520,30.4572609
50.4053899,30.6318190
50.5068632,30.4332517
50.5060995,30.4345959
50.5052216,30.4338776
50.5045874,30.4333447
50.4517489,30.5214527
50.4515993,30.5212535
50.4521599,30.5207809
50.4524439,30.5207096
50.4525644,30.5205283
50.4527264,30.5203223
50.4524271,30.5194998
50.4518984,30.5199892
50.4522664,30.5187756
50.4511449,30.5182833
50.4506028,30.5191406
50.4504206,30.5190271
50.4500709,30.5185400
50.4713600,30.5144186
50.4716159,30.5151198
50.4713065,30.5157731
50.4710295,30.5161642
50.4703995,30.5146355
50.4705606,30.5143966
50.4707490,30.5141038
50.4709188,30.5138640
50.4711214,30.5140695
50.4705548,30.5149356
50.3936246,30.6436759
50.3942410,30.6432656
50.3942920,30.6440785
50.3944024,30.6464063
50.3943736,30.6489559
50.3946838,30.6477785
50.3937595,30.6466275
50.3931569,30.6464074
50.3937637,30.6451956
50.3931813,30.6445566
50.3927023,30.6456650
50.3922413,30.6454046
50.3936773,30.6480107
50.3932093,30.6476575
50.3927889,30.6487232
50.3930883,30.6495897
50.3936129,30.6496394
50.3939053,30.6503489
50.3936406,30.6512643
50.3931092,30.6511076
50.4741932,30.4464488
50.4373336,30.6388522
50.4386701,30.6391899
50.4360583,30.6396444
50.4374311,30.6413572
50.4369460,30.6421965
50.4365221,30.6431800
50.4360553,30.6437628
50.4453923,30.6635452
50.4441058,30.6631213
50.4441773,30.6619691
50.4452496,30.6598595
50.4441144,30.6651149
50.4433863,30.6631081
50.4452093,30.6618571
50.4432637,30.6670414
50.4667977,30.5074216
50.4666383,30.5084985
50.4457831,30.6714949
50.4463993,30.6726620
50.4468950,30.6735260
50.4400919,30.3835443
50.4387434,30.3760101
50.4388675,30.3777593
50.4371177,30.3788149
50.4369674,30.3732497
50.4364769,30.3847952
50.4374584,30.3806236
50.4381169,30.3813395
50.4394357,30.3828113
50.4376376,30.3737041
50.4351828,30.3743539
50.4358979,30.3788707
50.4375720,30.3720567
50.4367178,30.3725066
50.4356348,30.3732390
50.4366739,30.3767409
50.4387793,30.3820614
50.4397452,30.3795020
50.4388309,30.3796774
50.4385925,30.3788119
50.4378804,30.3793612
50.4368956,30.3798831
50.4389431,30.3852903
50.4384450,30.3854028
50.4379315,30.3854970
50.4378619,30.3844033
50.4370848,30.3811068
50.4347307,30.3869244
50.4345384,30.3862568
50.4343681,30.3855857
50.4341911,30.3849203
50.4351093,30.3841282
50.4360470,30.3835042
50.4350027,30.3876435
50.4352461,30.3879641
50.4347195,30.3885605
50.4343226,30.3877293
50.4343935,30.3887074
50.4340822,30.3880751
50.3998479,30.5304424
50.4218634,30.7057519
50.4224189,30.7046012
50.4221455,30.7052745
50.4231392,30.7071397
50.4222121,30.7064550
50.4224966,30.7069619
50.4214190,30.7066576
50.4452240,30.6713789
50.5324185,30.6077332
50.5323186,30.6062235
50.5324796,30.6046860
50.5324516,30.6031241
50.5324732,30.6019776
50.5325176,30.6008093
50.5322484,30.5999378
50.5317455,30.5996505
50.5318008,30.6018891
50.5311313,30.6005835
50.5314479,30.6052601
50.5317909,30.6073255
50.5312035,30.6069035
50.5300792,30.6077608
50.5306810,30.6053070
50.5295010,30.6056551
50.5295045,30.6043327
50.5300899,30.6023710
50.5287350,30.6061175
50.5286938,30.6033034
50.5281239,30.6023148
50.5280922,30.6043988
50.5264179,30.6075907
50.5271591,30.6031231
50.5264560,30.6036198
50.5258019,30.6030036
50.5250638,30.6020063
50.5241733,30.6037703
50.5246492,30.6043818
50.5241489,30.6052284
50.5247868,30.6072975
50.5244129,30.6074102
50.5240478,30.6072195
50.5239741,30.6066341
50.5241012,30.6060705
50.5247462,30.6057671
50.5249854,30.6059696
50.5250526,30.6065490
50.4305685,30.6535140
50.4217129,30.6821086
50.4353042,30.5403771
50.4710367,30.5129464
50.4711768,30.5112316
50.4705879,30.5106873
50.4699626,30.5128775
50.4701352,30.5143189
50.4697996,30.5144565
50.4699569,30.5141420
50.4693755,30.5137650
50.4693901,30.5133092
50.4691375,30.5121690
50.4693573,30.5124379
50.4689108,30.5129487
50.4701876,30.5174765
50.4699713,30.5155674
50.4694289,30.5155588
50.4696438,30.5151709
50.4694857,30.5146341
50.4692274,30.5142529
50.4690399,30.5139778
50.4688382,30.5136734
50.4685702,30.5133307
50.4683819,30.5134762
50.4679577,30.5141852
50.4687594,30.5156529
50.4721930,30.5157109
50.4719613,30.5155328
50.4715750,30.5160756
50.4713973,30.5163447
50.3642333,30.5591697
50.3640605,30.5583383
50.3637657,30.5559620
50.3631827,30.5572419
50.3625564,30.5571033
50.3621890,30.5576627
50.3618144,30.5582251
50.3629562,30.5563465
50.3645664,30.5562774
50.3650352,30.5557437
50.3657718,30.5566057
50.3653689,30.5565830
50.3633164,30.5553783
50.3707143,30.5507402
50.3703182,30.5510523
50.3696157,30.5516121
50.3692157,30.5519071
50.3687858,30.5525812
50.3907045,30.4894257
50.3658944,30.5546675
50.3661217,30.5562205
50.3649335,30.5573600
50.3718769,30.5462590
50.3707804,30.5474916
50.3700834,30.5473553
50.3705097,30.5458583
50.3704953,30.5467603
50.3721298,30.5450727
50.3724409,30.5436913
50.3725704,30.5431038
50.3720523,30.5424504
50.3724380,30.5415875
50.3728158,30.5417018
50.3697896,30.5460298
50.3702860,30.5410959
50.3716043,30.5434534
50.3713520,30.5440029
50.3866487,30.4812536
50.3863110,30.4825320
50.3855387,30.4820334
50.3857061,30.4813915
50.3856995,30.4806306
50.3850460,30.4801845
50.3844028,30.4797404
50.3849932,30.4807415
50.3844449,30.4807756
50.3841386,30.4804472
50.3838313,30.4801062
50.3834993,30.4791395
50.3840400,30.4815359
50.3837665,30.4810880
50.3835215,30.4806610
50.3838919,30.4824878
50.3850109,30.4829848
50.3854515,30.4841018
50.3852504,30.4848571
50.3846675,30.4833202
50.3841898,30.4835974
50.3846829,30.4848384
50.3851550,30.4861652
50.3857704,30.4862041
50.3827971,30.4792353
50.3833634,30.4816041
50.3829326,30.4805226
50.3866013,30.4867815
50.3865795,30.4881808
50.3852915,30.4894592
50.3855647,30.4905501
50.3851538,30.4904151
50.3847567,30.4902690
50.3840338,30.4904438
50.3833888,30.4901250
50.3834770,30.4891214
50.3840287,30.4876089
50.3836704,30.4880951
50.3845979,30.4889984
50.3928458,30.4937400
50.3927522,30.4931906
50.3925960,30.4924641
50.3920042,30.4928058
50.3923925,30.4944793
50.3914137,30.4933745
50.3909951,30.4934649
50.3906035,30.4936105
50.3902404,30.4938601
50.3895578,30.4941031
50.3899073,30.4947321
50.3896123,30.4949745
50.3898605,30.4956103
50.4214480,30.6890130
50.4211264,30.6833292
50.4697722,30.5064080
50.4516857,30.4846813
50.4519163,30.4843262
50.4536971,30.5047978
50.4537971,30.5050313
50.4535528,30.5045108
50.4558335,30.5016828
50.4558477,30.4978792
50.4535289,30.5010841
50.4539452,30.5005768
50.4538809,30.5011897
50.4541849,30.4995852
50.5231588,30.6002146
50.5222093,30.6013653
50.5215863,30.6000343
50.5205524,30.5996432
50.5210997,30.6039932
50.5202616,30.6038314
50.5198605,30.6034010
50.5195318,30.6009027
50.5194468,30.6022483
50.5211960,30.5980857
50.5206316,30.5980249
50.5198592,30.5983711
50.5193666,30.5993195
50.5188021,30.6005679
50.5182995,30.6020467
50.5231456,30.6045466
50.5220635,30.6048785
50.5218538,30.6060748
50.5213185,30.6066803
50.5208715,30.6065397
50.5195570,30.6053188
50.5180237,30.6038726
50.5160067,30.5988453
50.5167438,30.5970767
50.5172888,30.5949887
50.5161801,30.5952519
50.5164828,30.5935649
50.5158547,30.5968926
50.5155501,30.5985371
50.5142946,30.5985903
50.5128648,30.5962410
50.5144071,30.5964054
50.5136498,30.5953174
50.5073250,30.4460638
50.5093449,30.6186968
50.5081243,30.6161690
50.4941369,30.5975516
50.4915325,30.5919705
50.4240597,30.6835794
50.4243409,30.6835715
50.4231504,30.6856484
50.4630080,30.4721076
50.4636209,30.4738562
50.4075165,30.6573643
50.4330999,30.6021889
50.4309181,30.5970094
50.4312335,30.5996650
50.4309150,30.5997140
50.4175415,30.6512633
50.4106853,30.6323424
50.4110520,30.6337810
50.4408317,30.5192964
50.4405762,30.5189680
50.4420013,30.5197676
50.4414595,30.5195947
50.4417506,30.5196798
50.4412771,30.5254804
50.4427708,30.5226397
50.4428315,30.5222311
50.4417250,30.5241709
50.4414499,30.5243692
50.4412447,30.5244668
50.4418997,30.5247210
50.4416770,30.5251438
50.4421519,30.5238193
50.4407943,30.5258617
50.4415786,30.5278909
50.4413917,30.5283979
50.3960217,30.6389088
50.3967428,30.6399931
50.4778136,30.5961189
50.4764476,30.5965349
50.4768538,30.5971731
50.4798832,30.5953228
50.4788814,30.5946103
50.4808245,30.5938912
50.4787082,30.5940816
50.4792781,30.5931920
50.4794995,30.5923830
50.4795320,30.5982427
50.4739411,30.5982098
50.4743972,30.5974677
50.4733051,30.5979361
50.4730530,30.5988134
50.4728219,30.5996724
50.4725490,30.6006008
50.4736818,30.5991090
50.4735025,30.5997847
50.4732551,30.6006597
50.4780702,30.5945894
50.4781052,30.5967360
50.4783033,30.5973914
50.4774027,30.5976810
50.4787077,30.5983009
50.4785789,30.5993821
50.4785768,30.6000616
50.4802672,30.6006370
50.4778214,30.6011107
50.4783479,30.6008488
50.4787639,30.6013861
50.4789593,30.6020096
50.4764067,30.6002405
50.4760309,30.5980453
50.4766539,30.5988599
50.4761467,30.5996762
50.4753951,30.5970760
50.4759472,30.5971913
50.4784294,30.5928773
50.4827958,30.5926099
50.4747844,30.3977307
50.4744735,30.3982429
50.4744433,30.3993694
50.4757944,30.4003006
50.4751815,30.3971485
50.4349006,30.3736756
50.4349997,30.3726762
50.4378748,30.3744884
50.4378786,30.3757586
50.4329653,30.3875099
50.4332929,30.3849505
50.4327998,30.3869343
50.4318922,30.3828065
50.4324742,30.3836299
50.4329668,30.3856515
50.4326486,30.3863492
50.4333273,30.3836168
50.4342096,30.3835849
50.4357757,30.3825584
50.4349996,30.3825692
50.4344915,30.3827257
50.4341853,30.3820529
50.4336136,30.3827431
50.4327411,30.3827580
50.4333185,30.3820859
50.4324436,30.3820908
50.4315857,30.3818357
50.4358053,30.3816881
50.4308160,30.3877563
50.4319080,30.3884783
50.4320430,30.3890563
50.4322056,30.3895937
50.4320702,30.3903728
50.4309734,30.3901394
50.4301392,30.3857309
50.4308657,30.3852236
50.4307914,30.3857827
50.4314537,30.3850541
50.4316214,30.3855840
50.4314683,30.3863044
50.4356859,30.3985122
50.4346381,30.3975734
50.4347860,30.3958086
50.4354670,30.3971138
50.4437914,30.4319583
50.4448872,30.4415969
50.4475291,30.4426741
50.4557980,30.4467771
50.4578239,30.4477010
50.4594718,30.4477401
50.4686451,30.5063369
50.4698312,30.5083683
50.4695230,30.5063805
50.4697065,30.5078181
50.4687893,30.5055211
50.4689675,30.5050867
50.4694697,30.5058703
50.4692605,30.5071676
50.4688231,30.5069327
50.4701073,30.5071496
50.4703509,30.5076193
50.4735081,30.5116132
50.4718656,30.5101615
50.4735973,30.5132002
50.4737329,30.5110997
50.4718922,30.5113690
50.4358014,30.6408955
50.4350596,30.6411321
50.4570793,30.4760193
50.4570966,30.4753320
50.4575729,30.4762129
50.4581642,30.4777599
50.4582743,30.4786533
50.4573073,30.4909917
50.4685532,30.6009458
50.4685563,30.6001567
50.4694331,30.5990770
50.4701056,30.5991740
50.4684905,30.5994027
50.4672727,30.5998123
50.4670316,30.6005394
50.4711032,30.6014952
50.4710206,30.6009513
50.4709457,30.6003941
50.4708573,30.5998508
50.4702162,30.6000183
50.4703564,30.6011031
50.4729952,30.6013345
50.4831261,30.5962795
50.4828741,30.6016316
50.4841319,30.6011942
50.4845193,30.6021412
50.4810406,30.6033969
50.4805174,30.6028697
50.4286293,30.6739275
50.4722695,30.5072743
50.4719194,30.5077555
50.4747059,30.5087879
50.4742543,30.5087770
50.4745941,30.5095170
50.4355189,30.4209761
50.5194494,30.4848171
50.3993404,30.6226139
50.3988662,30.6210028
50.4225268,30.5932376
50.4222774,30.5956022
50.4227068,30.5979157
50.4228921,30.5965183
50.4231143,30.5941932
50.4235039,30.5951478
50.4240802,30.5936869
50.4244081,30.5961379
50.4395363,30.5451211
50.4416426,30.5453216
50.4396167,30.5461996
50.4398833,30.5464531
50.4399705,30.5460558
50.4813561,30.6039490
50.4826065,30.5914504
50.4824381,30.6081746
50.4818401,30.6079088
50.4812721,30.6076912
50.4563178,30.6202920
50.4556152,30.6208978
50.4548610,30.6208391
50.4544171,30.6216916
50.4540232,30.6219587
50.4536517,30.6222108
50.4532653,30.6224734
50.4528684,30.6227346
50.4528829,30.6245660
50.4532173,30.6257594
50.4535296,30.6269038
50.4526005,30.6258219
50.4527669,30.6264124
50.4529270,30.6270002
50.4530920,30.6275678
50.4521587,30.6281916
50.4519952,30.6276105
50.4518306,30.6270305
50.4516769,30.6264413
50.4512560,30.6257390
50.4508809,30.6259490
50.4512180,30.6271048
50.4515332,30.6282950
50.4525138,30.6248528
50.4382437,30.5469512
50.4244995,30.5986512
50.4253904,30.5965329
50.4259460,30.5965550
50.4250452,30.5951432
50.4257651,30.5950523
50.4258289,30.5939388
50.4251268,30.5932040
50.4273656,30.5933645
50.4271949,30.5965399
50.4271959,30.5954758
50.4271832,30.5944265
50.4247941,30.5991648
50.4368515,30.5445804
50.4372861,30.5461376
50.4356679,30.5317790
50.4318514,30.6117987
50.4342687,30.6047609
50.4361069,30.6090936
50.4318801,30.6034056
50.4319349,30.5992702
50.4286863,30.6025098
50.4518378,30.6294104
50.4522917,30.6303276
50.4529571,30.6302556
50.4522456,30.6296466
50.4534804,30.6298845
50.4521340,30.6288933
50.4525764,30.6285951
50.4539761,30.6295693
50.4541029,30.6290703
50.4538363,30.6281365
50.4535244,30.6279399
50.4523501,30.6227211
50.4521884,30.6180653
50.4535568,30.6106665
50.4527489,30.6112264
50.4534519,30.6244323
50.4551857,30.6268696
50.4547537,30.6232366
50.4388289,30.6071531
50.4386759,30.5980389
50.4479468,30.5972825
50.4491199,30.5954688
50.4487726,30.5942538
50.4485914,30.5953650
50.4487742,30.5961105
50.4483656,30.5968457
50.4488840,30.5971170
50.4485930,30.5982577
50.4557071,30.5955236
50.4542855,30.5881294
50.4542110,30.5888527
50.4539518,30.5894876
50.4543528,30.5906176
50.4534758,30.5894009
50.4532544,30.5884364
50.4538156,30.5877818
50.4541245,30.5977705
50.4541845,30.5988654
50.4546418,30.5989156
50.4555404,30.5993918
50.4554566,30.5985574
50.4730760,30.6694218
50.4732864,30.6701897
50.4742576,30.6772996
50.4745839,30.6785561
50.4748388,30.6794593
50.4636747,30.5163954
50.4636239,30.5154108
50.4645066,30.5134378
50.4659482,30.5138869
50.4657531,30.5143228
50.4664781,30.5154421
50.4812326,30.6243531
50.4666801,30.5155107
50.4671843,30.5147000
50.4675357,30.5169889
50.4678594,30.5175093
50.4677655,30.5168418
50.4679577,30.5156985
50.4684735,30.5164824
50.4685395,30.5169530
50.4682557,30.5174734
50.5211871,30.5100922
50.4693494,30.5196798
50.4684453,30.5179580
50.4688483,30.5173348
50.4690932,30.5175596
50.4692785,30.5178527
50.4695541,30.5183055
50.4693669,30.5189276
50.4689914,30.5192487
50.4658476,30.5161681
50.4656487,30.5167831
50.4657203,30.5164073
50.4651385,30.5151447
50.4012687,30.5271045
50.3977458,30.5322214
50.3975573,30.5315315
50.3990848,30.5318412
50.3969634,30.5318949
50.4006477,30.5369014
50.3996305,30.5380597
50.3999582,30.5382890
50.4004348,30.5392325
50.4000171,30.5357348
50.3996879,30.5366288
50.3998000,30.5372964
50.4002290,30.5366446
50.4002055,30.5374083
50.4413389,30.5023013
50.4013389,30.5350797
50.4006023,30.5381759
50.4457078,30.5317255
50.4398517,30.5331926
50.4665237,30.5164396
50.4664537,30.5180424
50.4668574,30.5177115
50.4667249,30.5184887
50.4674451,30.5195335
50.4676643,30.5190780
50.4681075,30.5188085
50.4686068,30.5194491
50.4686034,30.5201515
50.4682394,30.5208016
50.4682585,30.5203154
50.4681112,30.5196205
50.4677456,30.5199664
50.4679001,30.5203444
50.4691451,30.5202677
50.4700445,30.5215875
50.4694409,30.5206100
50.4701525,30.5221914
50.4697868,30.5227965
50.4697599,30.5218233
50.4688745,30.5208895
50.4686126,30.5208753
50.4660182,30.5188178
50.4660076,30.5182363
50.4661987,30.5185351
50.4658879,30.5196688
50.4715031,30.3380150
50.4151259,30.5315633
50.4171739,30.5331216
50.4170991,30.5323233
50.4154024,30.5313827
50.4168469,30.5278889
50.4176124,30.5274632
50.4160832,30.5240621
50.4176627,30.5265024
50.4168308,30.5237164
50.4172325,30.5268453
50.4140897,30.5263967
50.4196304,30.5224079
50.4199739,30.5234554
50.4185698,30.5243131
50.4206980,30.5229565
50.4209863,30.5248793
50.4209375,30.5254715
50.4672771,30.5211417
50.4673794,30.5218528
50.4678242,30.5209608
50.4676936,30.5207650
50.4675795,30.5205890
50.4092885,30.5512995
50.4096312,30.5509830
50.4077662,30.5516254
50.4111885,30.5497926
50.4106183,30.5501030
50.4096790,30.5500885
50.4061132,30.5528417
50.4099851,30.5506530
50.4102953,30.5503513
50.4073679,30.5526392
50.4111660,30.5490123
50.4095209,30.5492905
50.4152737,30.5495583
50.4101628,30.5496419
50.4142454,30.5492520
50.4136866,30.5492900
50.4137686,30.5512389
50.4082652,30.5509298
50.4105611,30.5491832
50.4147834,30.5504559
50.4131754,30.5505779
50.4140629,30.5498778
50.4154364,30.5503423
50.4137568,30.5503810
50.4130994,30.5494962
50.4147980,30.5494475
50.4153685,30.5513687
50.4173378,30.5498864
50.4158647,30.5496009
50.4170842,30.5522337
50.4139805,30.5563098
50.4576294,30.5000829
50.4539179,30.4941252
50.4572589,30.5009551
50.4572397,30.5017075
50.4543294,30.4964255
50.4550574,30.4944567
50.4544318,30.4954250
50.4581520,30.4997474
50.4543611,30.4959038
50.4580705,30.5010304
50.4592180,30.5004283
50.4560009,30.4968703
50.4540441,30.4947140
50.4546266,30.4943015
50.4548483,30.4952196
50.4594961,30.5011775
50.4532624,30.4923537
50.4549552,30.4900345
50.4525461,30.4914034
50.4532825,30.4911090
50.4531087,30.4917704
50.4541069,30.4894594
50.4550813,30.4905285
50.4546801,30.4901748
50.4714434,30.3371828
50.4731574,30.3376782
50.4726307,30.3368275
50.4735179,30.3363687
50.4711994,30.3363617
50.4733595,30.3340665
50.4720532,30.3354277
50.4728243,30.3356322
50.4646591,30.5243454
50.4648759,30.5243707
50.4644873,30.5233812
50.4631696,30.5214528
50.4617093,30.5218122
50.4618826,30.5224732
50.4620420,30.5227784
50.4628815,30.5218598
50.4624207,30.5211439
50.4631391,30.5224427
50.4643442,30.5248417
50.4640470,30.5237000
50.4627656,30.5251820
50.4615199,30.5250569
50.4622251,30.5239032
50.4610440,30.5222234
50.4612489,30.5223147
50.4614028,30.5225606
50.4616071,30.5229248
50.4616817,30.5234224
50.4608816,30.5237673
50.4604913,30.5222690
50.4605943,30.5240205
50.4609334,30.5245807
50.4611436,30.5248841
50.4609671,30.5253296
50.4590348,30.5233449
50.4596536,30.5225022
50.4614794,30.5171059
50.4623258,30.5156517
50.4626133,30.5156729
50.4621212,30.5161904
50.4622173,30.5171081
50.4619519,30.5171203
50.4621305,30.5174246
50.4381927,30.5189142
50.4386552,30.5200263
50.4381518,30.5164452
50.4379193,30.5187229
50.4376114,30.5194350
50.4374011,30.5195226
50.4376065,30.5188803
50.4374143,30.5188707
50.4372309,30.5188088
50.4370389,30.5187952
50.4370380,30.5192153
50.4372247,30.5192714
50.4383359,30.5192775
50.4385403,30.5197640
50.4385563,30.5186309
50.4384240,30.5183622
50.4386509,30.5189002
50.4366507,30.5204192
50.4371451,30.5203204
50.4369387,30.5203754
50.4362696,30.5203519
50.4384005,30.5203306
50.4384173,30.5175276
50.4378962,30.5180724
50.4368868,30.5180273
50.4364670,30.5174290
50.4361831,30.5174524
50.4368690,30.5164693
50.4366727,30.5165549
50.4363293,30.5166016
50.4378407,30.5164749
50.4366943,30.5180185
50.4366777,30.5175645
50.4364583,30.5180596
50.4362000,30.5179332
50.4374689,30.5179918
50.4372729,30.5180173
50.4374421,30.5175469
50.4388515,30.5166186
50.4393576,30.5195064
50.4387514,30.5191246
50.4393999,30.5204458
50.4395266,30.5145426
50.4389632,30.5146577
50.4392826,30.5140252
50.4391737,30.5143997
50.4396802,30.5193095
50.4394037,30.5153495
50.4391675,30.5156587
50.4388276,30.5149112
50.4387986,30.5152898
50.4387764,30.5156564
50.4390187,30.5177050
50.4389065,30.5182717
50.4388780,30.5186492
50.4390070,30.5184139
50.4394174,30.5190041
50.4400228,30.5177669
50.4399195,30.5188505
50.4382418,30.5152491
50.4382013,30.5147323
50.4382029,30.5141896
50.4366908,30.5144973
50.4361650,30.5142112
50.4378330,30.5140053
50.4376206,30.5140890
50.4374279,30.5140909
50.4370536,30.5139996
50.4366663,30.5140631
50.4363963,30.5139941
50.4368400,30.5156111
50.4364004,30.5156251
50.4366547,30.5149032
50.4364738,30.5148626
50.4361670,30.5152627
50.4361775,30.5148113
50.4374090,30.5156151
50.4374364,30.5148083
50.4372171,30.5157122
50.4370450,30.5155771
50.4380230,30.5156412
50.4378104,30.5157017
50.4376065,30.5156312
50.4384028,30.5144985
50.4389929,30.5132676
50.4389663,30.5141093
50.4383995,30.5149172
50.4383890,30.5151551
50.4385749,30.5155325
50.4383817,30.5156201
50.4401987,30.5164484
50.4192194,30.5389826
50.4198619,30.5389098
50.4262246,30.5176728
50.4242920,30.5180548
50.4252650,30.5182741
50.4233878,30.5186528
50.4257649,30.5170878
50.4241653,30.5171110
50.4259568,30.5178352
50.4239981,30.5181926
50.4407667,30.5144151
50.4405548,30.5143490
50.4460695,30.5242825
50.4466841,30.5244931
50.4728903,30.3328566
50.4721093,30.3328979
50.4722239,30.3319391
50.4424707,30.5299195
50.4427695,30.5300287
50.4417282,30.5297190
50.4412137,30.5294361
50.4428475,30.5294480
50.4705014,30.3346343
50.4679363,30.3332605
50.4674705,30.3325653
50.4671553,30.3318693
50.4674981,30.3311225
50.4680200,30.3303287
50.4688674,30.3298770
50.4686332,30.3315982
50.4691706,30.3309141
50.4328036,30.5461282
50.4335341,30.5458928
50.4341615,30.5155391
50.4305383,30.5138421
50.4305233,30.5145720
50.4303805,30.5198697
50.4315623,30.5156477
50.4302699,30.5152598
50.4296850,30.5206232
50.4308910,30.5156438
50.4305828,30.5156399
50.4302301,30.5166868
50.4296402,30.5167503
50.4296568,30.5157046
50.4292796,30.5164909
50.4283626,30.5166802
50.4283540,30.5156802
50.4393235,30.5253255
50.4347830,30.5062552
50.4394546,30.5329721
50.4396441,30.5350618
50.4397370,30.5340930
50.4393702,30.5360003
50.4396519,30.5371423
50.4399092,30.5362115
50.4406218,30.5363507
50.4391102,30.5366925
50.4403443,30.5369436
50.4391725,30.5346958
50.4392864,30.5377534
50.4333776,30.5484977
50.4336134,30.5477428
50.4339064,30.5482967
50.4401145,30.5378878
50.4332215,30.5491041
50.4388012,30.5375370
50.4343994,30.5465321
50.4328513,30.5474612
50.4404471,30.5486699
50.4404888,30.5477032
50.4715370,30.3311631
50.4712725,30.3322729
50.4707229,30.3332541
50.4713357,30.3335234
50.4709711,30.3344753
50.4052695,30.5554414
50.4069018,30.5573589
50.4183781,30.5544581
50.4205861,30.5474700
50.4050319,30.5572312
50.4196111,30.5524414
50.4060097,30.5560985
50.4069368,30.5560228
50.4051690,30.5559231
50.4194300,30.5546338
50.4198319,30.5515693
50.4190619,30.5550554
50.4052618,30.5567254
50.4058067,30.5552529
50.4059061,30.5570352
50.4193670,30.5500123
50.4065195,30.5550239
50.4414809,30.5150379
50.4425259,30.5150481
50.4264213,30.4238848
50.4268430,30.4261086
50.4315862,30.4213944
50.4301993,30.4210197
50.4330638,30.4184169
50.4322832,30.4166461
50.4281251,30.4250216
50.4273783,30.4275210
50.4335040,30.4201379
50.4284976,30.4238869
50.4308701,30.4203566
50.4316373,30.4195945
50.4321195,30.4160852
50.4278826,30.4258005
50.4324230,30.4171928
50.4323483,30.4212889
50.4272166,30.4281484
50.4283097,30.4244399
50.4320603,30.4201994
50.4332761,30.4213115
50.4305252,30.4206643
50.4262371,30.4247169
50.4294496,30.4241916
50.4319771,30.4155614
50.4307338,30.4222086
50.4270871,30.4287401
50.4261240,30.4253050
50.4267349,30.4228157
50.4329767,30.4202565
50.4322184,30.4207452
50.4312495,30.4200972
50.4324137,30.4218840
50.4276912,30.4263630
50.4296857,30.4252889
50.4287286,30.4233486
50.4270195,30.4254178
50.4265647,30.4233423
50.4259647,30.4259111
50.4258145,30.4264931
50.4275322,30.4269585
50.4270872,30.4196519
50.4259555,30.4221612
50.4265920,30.4206618
50.4277742,30.4205724
50.4260044,30.4211727
50.4273206,30.4215065
50.4275330,30.4210330
50.4245765,30.5165329
50.4244326,30.5161503
50.4239980,30.5164013
50.4250275,30.5164112
50.4229410,30.5181394
50.4807055,30.4448032
50.4789040,30.4456605
50.4793824,30.4444649
50.4794788,30.4450778
50.4796129,30.4434915
50.4784158,30.4497057
50.4786662,30.4492602
50.4786200,30.4471901
50.4786048,30.4484099
50.4802591,30.4447530
50.4790761,30.4451899
50.4799242,30.4441669
50.4583246,30.4371822
50.4539155,30.5000148
50.4540886,30.5026008
50.4539159,30.5028017
50.4506697,30.4992275
50.4227818,30.4750623
50.4221316,30.4757138
50.4215785,30.4751538
50.4221914,30.4744730
50.4196399,30.4744980
50.4205866,30.4747784
50.4208542,30.4736406
50.4202561,30.4753208
50.4207272,30.4763489
50.4218661,30.4762792
50.4210546,30.4767041
50.4209634,30.4776085
50.4202741,30.4775962
50.4237374,30.5184278
50.4619914,30.5089078
50.4703227,30.5194098
50.5083575,30.6187760
50.4355876,30.4751732
50.4383371,30.4791292
50.4356164,30.4761683
50.4334719,30.4737621
50.4382978,30.4780751
50.4333964,30.4729388
50.4365173,30.4768418
50.4361091,30.4743336
50.4374136,30.4788766
50.4246302,30.5213715
50.4264295,30.5192565
50.4249451,30.5210627
50.4235254,30.5197281
50.4237840,30.5206624
50.4252189,30.5191386
50.4236068,30.5201008
50.4246750,30.5204751
50.4240825,30.5198800
50.4258708,30.5193731
50.4240202,30.5191645
50.4278323,30.5207339
50.4276154,30.5105044
50.4520393,30.5242446
50.4527363,30.5252980
50.4516525,30.5236837
50.4524262,30.5249662
50.4435841,30.5178433
50.4433710,30.5177457
50.4498858,30.5177613
50.4551657,30.5187337
50.4520330,30.5229796
50.4523098,30.5238498
50.4492205,30.5151707
50.4492722,30.5164965
50.4492128,30.5158442
50.4493097,30.5140742
50.4473717,30.5130592
50.4474406,30.5126147
50.4473172,30.5134587
50.4482603,30.5138585
50.4484123,30.5134433
50.4478527,30.5179377
50.4489247,30.5157899
50.4484994,30.5162118
50.4485308,30.5157820
50.4484043,30.5147629
50.4488609,30.5166199
50.4491141,30.5160076
50.4474702,30.5175422
50.4481190,30.5185099
50.4481274,30.5180785
50.4496929,30.5140224
50.4497967,30.5152989
50.4496518,30.5184659
50.4526344,30.5184486
50.4528244,30.5186388
50.4420750,30.4410676
50.4423972,30.4416492
50.4415713,30.4388480
50.4417559,30.4415341
50.4385874,30.4361466
50.4419900,30.4327301
50.4401691,30.4351221
50.4409960,30.4345603
50.4425444,30.4330734
50.4423580,30.4320808
50.4406161,30.4364435
50.4418330,30.4352130
50.4437394,30.5267943
50.4410568,30.5250376
50.4394560,30.5227983
50.4407264,30.5291317
50.4447930,30.5253760
50.4469070,30.5252417
50.4482859,30.5252512
50.4464271,30.5266063
50.4467508,30.5268763
50.4463122,30.5254848
50.4453442,30.5254058
50.4458092,30.5253530
50.4452680,30.5229495
50.4447660,30.5243715
50.4455142,30.5250057
50.4459617,30.5249929
50.4456909,30.5247002
50.4486363,30.5235161
50.4486584,30.5243437
50.4451600,30.5258799
50.4444326,30.5279775
50.4448622,30.5261001
50.4446097,30.5264933
50.4443181,30.5268141
50.4441868,30.5273819
50.4460417,30.5302260
50.4477347,30.5271460
50.4467842,30.5259357
50.4471732,30.5263482
50.4475856,30.5268616
50.4470713,30.5272558
50.4468977,30.5275905
50.4406003,30.5323741
50.4427532,30.5394007
50.4445305,30.5384320
50.4445646,30.5374899
50.4447136,30.5372893
50.4438115,30.5418645
50.4381665,30.5374444
50.4382737,30.5461476
50.4383041,30.5485804
50.4382911,30.5497562
50.4375054,30.5480018
50.4379519,30.5462240
50.4372400,30.5455734
50.4370615,30.5452122
50.4379490,30.5500074
50.4375297,30.5501901
50.4441312,30.5473149
50.4412764,30.5469955
50.4420475,30.5476932
50.4432067,30.5472154
50.4397377,30.5477793
50.4389248,30.5456692
50.4388103,30.5468755
50.4391935,30.5468102
50.4416224,30.5461311
50.4417226,30.5466001
50.4413926,30.5451366
50.4429479,30.5456532
50.4429438,30.5462512
50.4384147,30.5492185
50.4405367,30.5496008
50.4400797,30.5480338
50.4425488,30.5481643
50.4422761,30.5485714
50.4415427,30.5484673
50.4445905,30.5463057
50.4439903,30.5462862
50.4350552,30.5049510
50.4349012,30.5055368
50.4351290,30.5056162
50.4356092,30.5041861
50.4358161,30.5039324
50.4353784,30.5044716
50.4364851,30.5043569
50.4202825,30.5322783
50.4211844,30.5310903
50.4204379,30.5304815
50.4204070,30.5316133
50.4201648,30.5327931
50.4686787,30.4429618
50.4679388,30.4424428
50.4666749,30.4415571
50.4741213,30.5140895
50.4743655,30.5131423
50.4741165,30.5122302
50.4746739,30.5126021
50.4749629,30.5141465
50.4291172,30.5219750
50.4282455,30.5218096
50.4285295,30.5229069
50.4413266,30.4186977
50.4451419,30.4186967
50.4447332,30.4198881
50.4412862,30.4172849
50.4432199,30.4181445
50.4396107,30.4190615
50.4394979,30.4183903
50.4406837,30.4185333
50.4427657,30.4164313
50.4407076,30.4176179
50.4414290,30.4178997
50.4437459,30.4187811
50.4427639,30.4173763
50.4434700,30.4205302
50.4433930,30.4158817
50.4397579,30.4196401
50.4390215,30.4187298
50.4434246,30.4167036
50.4439681,30.4196487
50.4436239,30.4211394
50.4415746,30.4129622
50.4431488,30.4139388
50.4417236,30.4135216
50.4441087,30.4145974
50.4436290,30.4142826
50.4417991,30.4149431
50.4443695,30.4152888
50.4429887,30.4148420
50.4426462,30.4150526
50.4422909,30.4152927
50.4414380,30.4124228
50.4802706,30.4533197
50.4794139,30.4503800
50.4808289,30.4544765
50.4799539,30.4500045
50.4791548,30.4481531
50.4794463,30.4514743
50.4823008,30.4548069
50.4795017,30.4494050
50.4785867,30.4463347
50.4828919,30.4567901
50.4766305,30.4478435
50.4787209,30.4505610
50.4782477,30.4449806
50.4782879,30.4480633
50.4826362,30.4545790
50.4776147,30.4488017
50.4770345,30.4484655
50.4761225,30.4477591
50.4773099,30.4495171
50.4818207,30.4571385
50.4774891,30.4467896
50.4790536,30.4487814
50.4768043,30.4490055
50.4779412,30.4456653
50.4771975,30.4474573
50.4778993,30.4481864
50.4777019,30.4493900
50.4803014,30.4511819
50.4812666,30.4556733
50.4794385,30.4477568
50.4770630,30.4468252
50.4763510,30.4486372
50.4819376,30.4557657
50.4833264,30.4565434
50.4832669,30.4557558
50.4789419,30.4514087
50.4808415,30.4502111
50.4781239,30.4504422
50.4778385,30.4450665
50.4821848,30.4577749
50.4821781,30.4586339
50.4808138,30.4510542
50.4826421,30.4560571
50.4781548,30.4402580
50.4789540,30.4343413
50.4793890,30.4355993
50.4781196,30.4386615
50.4773216,30.4332245
50.4791602,30.4349702
50.4773675,30.4438902
50.4776720,30.4428328
50.4772734,30.4362836
50.4767731,30.4449834
50.4791636,30.4423601
50.4772700,30.4384821
50.4766446,30.4419014
50.4764025,30.4435305
50.4777500,30.4422838
50.4764144,30.4429584
50.4752663,30.4469305
50.4767592,30.4397122
50.4775718,30.4433848
50.4769792,30.4343521
50.4764915,30.4364470
50.4773926,30.4407217
50.4768104,30.4411276
50.4786139,30.4404124
50.4775201,30.4400149
50.4752472,30.4461935
50.4769590,30.4366167
50.4762981,30.4458484
50.4771806,30.4423731
50.4747056,30.4469292
50.4768629,30.4443872
50.4769998,30.4354997
50.4789735,30.4361138
50.4771650,30.4338154
50.4767779,30.4373800
50.4765071,30.4424104
50.4764894,30.4350395
50.4775358,30.4368402
50.4775799,30.4322466
50.4776327,30.4392813
50.4786424,30.4372578
50.4756845,30.4474678
50.4780865,30.4370401
50.4743196,30.4458541
50.4786129,30.4365859
50.3697347,30.4543367
50.3657217,30.4500102
50.3661393,30.4467761
50.3654868,30.4474258
50.3649731,30.4486891
50.3666023,30.4511638
50.3682314,30.4536352
50.3680071,30.4508091
50.3687517,30.4522626
50.3676452,30.4500365
50.3673737,30.4525110
50.3689793,30.4544971
50.4398992,30.5241947
50.4403077,30.5235204
50.4400937,30.5238644
50.4395246,30.5248401
50.4405321,30.5231978
50.4396921,30.5245506
50.4412754,30.4284939
50.4418186,30.4292541
50.4422985,30.4307298
50.4410991,30.4278052
50.4419514,30.4309303
50.4414678,30.4306829
50.4401195,30.4142810
50.4400787,30.4135219
50.4408670,30.4165605
50.4516308,30.4665664
50.4523050,30.4669126
50.4519591,30.4667468
50.4373314,30.4391586
50.4496861,30.5102259
50.4493123,30.5100794
50.4471288,30.5092226
50.4603923,30.3394788
50.4607882,30.3387026
50.4558772,30.3457452
50.4552216,30.3444797
50.4603078,30.3446854
50.4525757,30.4232216
50.4535251,30.4253778
50.4529273,30.4243371
50.4535658,30.4236783
50.4529018,30.4251283
50.4606228,30.3408491
50.4615909,30.3391127
50.4622033,30.3383510
50.4626289,30.3394172
50.4632073,30.3381710
50.4636673,30.3433263
50.4634509,30.3441062
50.4629151,30.3446670
50.4611933,30.3434513
50.4621502,30.3440517
50.4616257,30.3444644
50.4596829,30.3389707
50.4588478,30.3387039
50.4581516,30.3396745
50.4571340,30.3408192
50.4565600,30.3422916
50.4590157,30.3435383
50.4584012,30.3436125
50.4578336,30.3436736
50.4591861,30.3448093
50.4586373,30.3448683
50.4581009,30.3448838
50.4367022,30.4448618
50.4370580,30.4451327
50.4364736,30.4442485
50.4188583,30.5249173
50.4183116,30.5255669
50.4184233,30.5181549
50.4177396,30.6361686
50.4172234,30.6360189
50.4165657,30.6365172
50.5097246,30.5092634
50.4180875,30.5203414
50.4197988,30.5198647
50.4202142,30.5187987
50.4199096,30.5192515
50.3670516,30.4497919
50.3674936,30.4512170
50.4497092,30.4308900
50.4496513,30.4346899
50.4483491,30.4325114
50.4500445,30.4324401
50.4487846,30.4311163
50.4480321,30.4343915
50.4497135,30.4333631
50.4490841,30.4341078
50.4491621,30.4351008
50.4502490,30.4311044
50.4487126,30.4315768
50.4478658,30.4357472
50.4495295,30.4321602
50.4501233,30.4297799
50.4723641,30.4080574
50.4670531,30.4071023
50.4630031,30.4132850
50.4644995,30.4064646
50.4723748,30.4074491
50.4738902,30.4130592
50.4687959,30.4062896
50.4662713,30.4052537
50.4706202,30.4053659
50.4663325,30.4070893
50.4690581,30.4053672
50.4736894,30.4142016
50.4698272,30.4053793
50.4625255,30.4094275
50.4681312,30.4062939
50.4676501,30.4069376
50.4637052,30.4093584
50.4656743,30.4062859
50.4673715,30.4063115
50.4737742,30.4124825
50.4723771,30.4092820
50.4646104,30.4055265
50.4738868,30.4136580
50.4640277,30.4119636
50.4643583,30.4072045
50.4680475,30.4053631
50.4624977,30.4085525
50.4725145,30.4103907
50.4714012,30.4053725
50.4630146,30.4093592
50.4723736,30.4098736
50.4694359,30.4062987
50.4723855,30.4068773
50.4630184,30.4085837
50.4670407,30.4052606
50.4634928,30.4084445
50.4636847,30.4122832
50.4725094,30.4125140
50.4214170,30.6560721
50.4604613,30.4227371
50.4606352,30.4233497
50.4597936,30.4225680
50.4614837,30.4234232
50.4612219,30.4257585
50.4602771,30.4220681
50.4602280,30.4240942
50.4610830,30.4225845
50.4708454,30.4141939
50.4708500,30.4136120
50.4713164,30.4136256
50.4713569,30.4142449
50.4700203,30.4120470
50.4704143,30.4116631
50.4702308,30.4130263
50.4700280,30.4138745
50.4703780,30.4142742
50.4717169,30.4124235
50.4717181,30.4139308
50.4710857,30.4116587
50.4715109,30.4175801
50.4700146,30.4163354
50.4606498,30.4021202
50.4714674,30.4169715
50.4747040,30.4090918
50.4604134,30.4029200
50.4745739,30.4085057
50.4702358,30.4175835
50.4708427,30.4172930
50.4714907,30.4156275
50.4747176,30.4096763
50.4714837,30.4150368
50.4702583,30.4150754
50.4717344,30.4162780
50.4590166,30.4017671
50.4585299,30.3980776
50.4708700,30.4153286
50.4673730,30.4159310
50.4661814,30.4177442
50.4665996,30.4167495
50.4664119,30.4173097
50.4220302,30.4547945
50.4272658,30.4544116
50.4270341,30.4523505
50.4227033,30.4509927
50.4271536,30.4534541
50.4269379,30.4541742
50.4277969,30.4539708
50.4266262,30.4539086
50.4265602,30.4516018
50.4223458,30.4515962
50.4268244,30.4532351
50.4276033,30.4546516
50.4230679,30.4496769
50.4274726,30.4536852
50.4396266,30.4735857
50.4342699,30.4727850
50.4406655,30.4751649
50.4400147,30.4742060
50.4479837,30.4903192
50.4502042,30.4877231
50.4176702,30.4660635
50.4528392,30.4872479
50.4566170,30.4829129
50.4567432,30.4836526
50.4571257,30.4827815
50.4531709,30.4868654
50.4347128,30.5157131
50.4352793,30.5157171
50.4356749,30.5178737
50.4357331,30.5144326
50.4356837,30.5140918
50.4354785,30.5168088
50.4357006,30.5147390
50.4356277,30.5174033
50.4343628,30.5157104
50.4357222,30.5150517
50.4650074,30.4418805
50.4652593,30.4406006
50.4686717,30.4446006
50.4698738,30.4450778
50.4698743,30.4459387
50.4686710,30.4463105
50.4668115,30.4428891
50.4694413,30.4454163
50.4676059,30.4429115
50.4711097,30.4456687
50.4660676,30.4451237
50.4705251,30.4452561
50.4649259,30.4425392
50.4698983,30.4441468
50.4695161,30.4435496
50.4681296,30.4463482
50.4654699,30.4454561
50.4660785,30.4457033
50.4680879,30.4445670
50.4658751,30.4443514
50.4711430,30.4450667
50.4674108,30.4435871
50.4680963,30.4453570
50.4705649,30.4440805
50.4693904,30.4462435
50.4687297,30.4453758
50.4659243,30.4464944
50.4694583,30.4446512
50.4393164,30.4371998
50.4397269,30.4379019
50.4398251,30.4371342
50.4180113,30.5187507
50.4300221,30.5376003
50.4318085,30.5343680
50.4334374,30.5391255
50.4333426,30.5399459
50.4380937,30.5512483
50.4368007,30.5525878
50.4327271,30.5493154
50.4324237,30.5475623
50.4307837,30.5438722
50.4321694,30.5465210
50.4311700,30.5484362
50.4353102,30.5460913
50.4362131,30.5472959
50.4353107,30.5469220
50.4376843,30.5510205
50.4372730,30.5519762
50.4401432,30.5255152
50.4409542,30.5269018
50.4419873,30.5255482
50.4423068,30.5254006
50.4403435,30.5251621
50.4397961,30.5261213
50.4399326,30.5259152
50.4409196,30.5275971
50.4407052,30.5273123
50.4422011,30.5264380
50.4419343,30.5290927
50.4426414,30.5283992
50.4435331,30.5282647
50.4414679,30.5258978
50.4425686,30.5277078
50.4431716,30.5288092
50.4543171,30.5148130
50.4544266,30.5140764
50.4531465,30.5122238
50.4542235,30.5153758
50.4558152,30.4922782
50.4560498,30.4931610
50.4555625,30.4940741
50.4640265,30.4371363
50.4636427,30.4345285
50.4630293,30.4341809
50.4636575,30.4332936
50.4636189,30.4357799
50.4654970,30.4366746
50.4638224,30.4364952
50.4636387,30.4351428
50.4644294,30.4330930
50.4636555,30.4339112
50.4378454,30.5133243
50.4373104,30.5132727
50.4364784,30.5122760
50.4361646,30.5122920
50.4361442,30.5127856
50.4361429,30.5132485
50.4361440,30.5118809
50.4367078,30.5122448
50.4361854,30.5114210
50.4361694,30.5109157
50.4375364,30.5132919
50.4434354,30.4116542
50.4431005,30.4118634
50.4425351,30.4104379
50.4426658,30.4109716
50.4421849,30.4091142
50.4419415,30.4108148
50.4462637,30.4367475
50.4381357,30.4358372
50.4372494,30.4351858
50.4380733,30.4346823
50.4376961,30.4354997
50.4575381,30.4373377
50.4591238,30.4351152
50.4591790,30.4362469
50.4572921,30.4351889
50.4586211,30.4476991
50.4601337,30.4379493
50.4635578,30.4729120
50.4625284,30.4692985
50.4624005,30.4718034
50.4625949,30.4681660
50.4628701,30.4670623
50.4615666,30.4497945
50.3924510,30.5323359
50.3928209,30.5327629
50.3943830,30.5301749
50.3929800,30.5312037
50.3928498,30.5317740
50.3946056,30.5310458
50.4469364,30.5178601
50.4465655,30.5183478
50.4307241,30.4620999
50.4306672,30.4598239
50.4309105,30.4611550
50.4305161,30.4629348
50.4131943,30.6345840
50.4117087,30.6318834
50.4099498,30.6309130
50.4097853,30.6296441
50.4108100,30.6305938
50.4090879,30.6263457
50.4100052,30.6262580
50.4104909,30.6249884
50.4114773,30.6250835
50.4097454,30.6241973
50.4803007,30.5914344
50.4788329,30.5915922
50.4810811,30.5882954
50.4825787,30.5894354
50.4499471,30.6181493
50.4510346,30.6211265
50.4512749,30.6220497
50.4502040,30.6228419
50.4499508,30.6219537
50.4516195,30.6225714
50.4510846,30.6231688
50.4507185,30.6234210
50.4550409,30.6214845
50.4508206,30.6324967
50.4484498,30.5000969
50.4490487,30.5004074
50.4294238,30.4165875
50.4278864,30.4183599
50.4305662,30.4174297
50.4290775,30.4188063
50.4312400,30.4147691
50.4295951,30.4155586
50.4272804,30.4187134
50.4301958,30.4160145
50.4288307,30.4167361
50.4284811,30.4195431
50.4302194,30.4176688
50.4298831,30.4179281
50.4275991,30.4161566
50.4311134,30.4157645
50.4307412,30.4153796
50.4287707,30.4191514
50.4306248,30.4148094
50.4278495,30.4172573
50.4315539,30.4142189
50.4285217,30.4175901
50.4368163,30.4120477
50.4375324,30.4119203
50.4406065,30.4092845
50.4392113,30.4163232
50.4405469,30.4120024
50.4372411,30.4128051
50.4392741,30.4102476
50.4390584,30.4157499
50.4368627,30.4206505
50.4380644,30.4173664
50.4398216,30.4126132
50.4407950,30.4131238
50.4420399,30.4112994
50.4408405,30.4101092
50.4413897,30.4089909
50.4372247,30.4204186
50.4398612,30.4096475
50.4393521,30.4140672
50.4365030,30.4208765
50.4361273,30.4211362
50.4389148,30.4151779
50.4412531,30.4096657
50.4408677,30.4147454
50.4410235,30.4107948
50.4390030,30.4177577
50.4389470,30.4143646
50.4372032,30.4138871
50.4414499,30.4116688
50.4377039,30.4109853
50.4401948,30.4107775
50.4396119,30.4169503
50.4409332,30.4116541
50.4382258,30.4113685
50.4460242,30.4343931
50.4435871,30.4331528
50.4444407,30.4377727
50.4454357,30.4346248
50.4431362,30.4338401
50.4428730,30.4394234
50.4438620,30.4355277
50.4440565,30.4362662
50.4427154,30.4094060
50.4401061,30.4180826
50.4447958,30.4170991
50.4437256,30.4110602
50.4430878,30.4099104
50.4441554,30.4169067
50.4458602,30.4355864
50.4449306,30.4154422
50.4430633,30.4319592
50.4457151,30.4327238
50.4391095,30.4129226
50.4442502,30.4129773
50.4455546,30.4338729
50.4434435,30.4104535
50.4385780,30.4105576
50.4442482,30.4370215
50.4646184,30.4723594
50.4655038,30.4716289
50.4645759,30.4698175
50.4651847,30.4699001
50.4645233,30.4675376
50.4640372,30.4680541
50.4648047,30.4731741
50.4738821,30.4727594
50.4644596,30.4741140
50.4651121,30.4681889
50.4663085,30.4687339
50.4636683,30.4666263
50.4655226,30.4671149
50.4714095,30.4733649
50.4652006,30.4667321
50.4642622,30.4733480
50.4645332,30.4686518
50.4651210,30.4724262
50.4655889,30.4703426
50.4649838,30.4691892
50.4667428,30.4678046
50.4640364,30.4658109
50.4648155,30.4665008
50.4719995,30.4721100
50.4634144,30.4673398
50.4640415,30.4647542
50.4659343,30.4707315
50.4647351,30.4655622
50.4650807,30.4714428
50.4657771,30.4690431
50.4357223,30.6445548
50.4379130,30.6389985
50.4351895,30.6421858
50.4355032,30.6431604
50.4350687,30.6438066
50.4359686,30.6419466
50.4359972,30.6427855
50.4470008,30.5995658
50.4504029,30.5996834
50.4699890,30.4831346
50.4681305,30.4879409
50.4691852,30.4879846
50.4736807,30.4782243
50.4640057,30.4725819
50.4685428,30.4830033
50.4690683,30.4840757
50.4636316,30.4704881
50.4683953,30.4871629
50.4738763,30.4776775
50.4721292,30.4779065
50.4740839,30.4784542
50.4686597,30.4879501
50.4692805,30.4871030
50.4640658,30.4713938
50.4718557,30.4741670
50.4680710,30.4841375
50.4701108,30.4721690
50.4705554,30.4831245
50.4691480,30.4849671
50.4718928,30.4465509
50.4799174,30.4478923
50.4664281,30.4751513
50.4727006,30.4455713
50.4700594,30.4793333
50.4737071,30.4441079
50.4819953,30.4529053
50.4822855,30.4525378
50.4793110,30.4467854
50.4647843,30.4753456
50.4709578,30.4462393
50.4817103,30.4532539
50.4631591,30.4712890
50.4810831,30.4521006
50.4816463,30.4520282
50.4730868,30.4436128
50.4636552,30.4773601
50.4735867,30.4431593
50.4810967,30.4534833
50.4728459,30.4468498
50.4650832,30.4759047
50.4734055,30.4461515
50.4823264,30.4517198
50.4729200,30.4441745
50.4726706,30.4461595
50.4644238,30.4801631
50.4218278,30.5099749
50.4494687,30.5129653
50.4499349,30.5133542
50.4507690,30.5136791
50.5260933,30.5986639
50.5256193,30.5996890
50.5255827,30.6007397
50.5265072,30.6011605
50.5267018,30.5996716
50.5273431,30.5994115
50.5274228,30.6004023
50.4243112,30.5314819
50.4185438,30.5266653
50.4189735,30.5277624
50.3969324,30.5341689
50.4238278,30.5322729
50.4186275,30.5279356
50.4229260,30.5326276
50.4698858,30.5198148
50.4685121,30.5211592
50.4725692,30.5145589
50.4731928,30.5139425
50.4736558,30.5140258
50.4726074,30.5156459
50.4723408,30.5151288
50.5048594,30.5968779
50.5054668,30.5964091
50.5064257,30.5942030
50.5051471,30.5966592
50.5047211,30.5967017
50.5085817,30.5937908
50.5083003,30.5940395
50.5090017,30.5934194
50.4244511,30.5142045
50.4205448,30.5163299
50.4349103,30.5093992
50.4357442,30.5115939
50.4384400,30.5014312
50.4342503,30.5109820
50.4357333,30.5111409
50.4353148,30.5095586
50.4382688,30.5010972
50.4618567,30.4372602
50.4620137,30.4390115
50.4621443,30.4399650
50.4615850,30.4354284
50.4619475,30.4380489
50.4617738,30.4411720
50.4629374,30.4402251
50.4613751,30.4371352
50.4632009,30.4435115
50.4617008,30.4363562
50.4615125,30.4384241
50.4630339,30.4410593
50.4630885,30.4421674
50.4622382,30.4408032
50.4631682,30.4428968
50.4617174,30.4403204
50.4628410,30.4394071
50.4558414,30.3837789
50.4555994,30.3829449
50.4561696,30.3828624
50.4564297,30.3820972
50.4169269,30.5514690
50.4247338,30.5345282
50.4179105,30.5509997
50.4838616,30.4616359
50.4756419,30.4445130
50.4814369,30.4758653
50.4757393,30.4738909
50.4830382,30.4532679
50.4837531,30.4586757
50.4808987,30.4776284
50.4841213,30.4592574
50.4764952,30.4738513
50.4822990,30.4566834
50.4835967,30.4529883
50.4839259,30.4629830
50.4806390,30.4783466
50.4834760,30.4519467
50.4751787,30.4451800
50.4750010,30.4736286
50.4836883,30.4540330
50.4836197,30.4558175
50.4757352,30.4439282
50.4768002,30.4433414
50.4653091,30.4855034
50.4656488,30.4868756
50.4670007,30.4846903
50.4647250,30.4857302
50.4707786,30.4878858
50.4648706,30.4850076
50.4653863,30.4884864
50.4645132,30.4866150
50.4651820,30.4866102
50.4703530,30.4885832
50.4667786,30.4853310
50.4610993,30.4917037
50.4646778,30.4874528
50.4642791,30.4855743
50.4658880,30.4876427
50.4771744,30.6009041
50.4368364,30.5133392
50.4281270,30.4584490
50.4276775,30.4586705
50.4270221,30.4591461
50.4264767,30.4545270
50.4273868,30.4551655
50.4268943,30.4548706
50.4279681,30.4594453
50.4265642,30.4567782
50.4287378,30.4632101
50.4141738,30.3905053
50.4790499,30.6005839
50.4143240,30.3912334
50.4133544,30.3925660
50.4125204,30.3945779
50.4729597,30.5139726
50.3966639,30.5176250
50.3978796,30.5284667
50.3971929,30.5170233
50.3978536,30.5164460
50.3982315,30.5280093
50.4107824,30.3887246
50.4101696,30.3901051
50.4106970,30.3911340
50.4104194,30.3921248
50.4112229,30.3929956
50.4112612,30.3940219
50.4116256,30.3934760
50.4115853,30.3914882
50.4169270,30.3876315
50.4156780,30.3863724
50.4145546,30.3827293
50.4148696,30.3818154
50.4146681,30.5445644
50.4534600,30.5195302
50.4532277,30.5198565
50.4279694,30.3943362
50.4300185,30.3927931
50.4301700,30.3933622
50.4303136,30.3939407
50.4159966,30.3821179
50.4162535,30.3817075
50.4165016,30.3813010
50.4167519,30.3808814
50.4176592,30.3781050
50.4175977,30.3771676
50.4173802,30.3862471
50.4181208,30.3847893
50.4188077,30.3832703
50.5218808,30.5114200
50.5234820,30.5173906
50.5236249,30.5158479
50.5240733,30.5179653
50.5259583,30.5132313
50.5265051,30.5172612
50.5256379,30.5183307
50.5236703,30.5205830
50.5260989,30.5201035
50.5226187,30.5211336
50.5273375,30.5187475
50.5191257,30.5168111
50.5185089,30.5150937
50.5158015,30.5116670
50.5168107,30.5159960
50.5140943,30.5109312
50.5171309,30.5151467
50.5213106,30.5189759
50.5158516,30.5140789
50.5179221,30.5142976
50.5188201,30.5159288
50.5203857,30.5194862
50.5208660,30.5149061
50.5219651,30.5145224
50.5264017,30.5989471
50.4269659,30.3861583
50.4230350,30.3839637
50.4203115,30.3899405
50.4201049,30.3883892
50.4206248,30.3869417
50.4210477,30.3859420
50.4214796,30.3849627
50.4219045,30.3839869
50.4113989,30.3887663
50.4127895,30.3931241
50.4125834,30.3939237
50.5259172,30.5999607
50.4241601,30.3914524
50.4238215,30.3912520
50.4234827,30.3911163
50.4243895,30.3901309
50.4152194,30.5442112
50.4691228,30.4784905
50.4703802,30.4756315
50.4693113,30.4808085
50.4692125,30.4797433
50.4743333,30.4809793
50.4804324,30.4769226
50.4716514,30.4088589
50.4549552,30.5220619
50.4108184,30.3896100
50.5042788,30.4505756
50.5025519,30.4299430
50.5012298,30.4322778
50.5078900,30.4484542
50.5023677,30.4308775
50.5026702,30.4289796
50.5033535,30.4509062
50.4044030,30.6410162
50.4605565,30.3498435
50.4619802,30.3469937
50.4632704,30.3509734
50.4640919,30.3502915
50.4633700,30.3531104
50.4617385,30.3491853
50.4589042,30.3376222
50.4553894,30.3427288
50.4580529,30.3473106
50.4623869,30.3473451
50.4642782,30.3525981
50.4634137,30.3490641
50.4594754,30.3375410
50.4610334,30.3536883
50.4572459,30.3482852
50.4615024,30.3485842
50.4631075,30.3481866
50.4620886,30.3527172
50.4635992,30.3470985
50.4557042,30.3423212
50.4605641,30.3513253
50.4608439,30.3503964
50.4636292,30.3518311
50.4612533,30.3517950
50.4629821,30.3462872
50.4616450,30.3544422
50.4560587,30.3429437
50.4607400,30.3521005
50.4015604,30.6396747
50.4564354,30.3485872
50.4557710,30.3482958
50.4594791,30.3520494
50.4597009,30.3544066
50.4583322,30.3549126
50.4576032,30.3495063
50.4585258,30.3525119
50.4581643,30.3494143
50.4587638,30.3473762
50.4576584,30.3547117
50.4562305,30.3475256
50.4594063,30.3509890
50.4561939,30.3516930
50.4589492,30.3545755
50.4588189,30.3490806
50.4974112,30.5022619
50.4639118,30.3571404
50.4628285,30.3571471
50.4610541,30.3571336
50.4595524,30.3531351
50.4644993,30.3572541
50.4979358,30.5024571
50.4950476,30.5026778
50.4981941,30.5025956
50.4988259,30.5034646
50.4964619,30.5030529
50.4737372,30.4412976
50.4729262,30.4403883
50.4741132,30.4409489
50.4723137,30.4402342
50.4735507,30.4425328
50.4735910,30.4419604
50.4735148,30.4407640
50.4722587,30.4417214
50.4740418,30.4417573
50.4739435,30.4425634
50.4732129,30.4422759
50.4732234,30.4413071
50.4742337,30.4402544
50.4739318,30.4394842
50.4731257,30.4429535
50.4719044,30.4408802
50.4726097,30.4430696
50.4743639,30.4395830
50.4642701,30.3271925
50.4696603,30.3370960
50.4699356,30.3401571
50.4700207,30.3385036
50.4691051,30.3375332
50.4693633,30.3383317
50.4656475,30.3347417
50.4375309,30.4690972
50.4370526,30.4693462
50.4370425,30.4706141
50.4372834,30.4701038
50.4597668,30.3994055
50.4604180,30.3989448
50.4607684,30.3995726
50.4614781,30.3989600
50.3937969,30.6198895
50.3939554,30.6213678
50.3936669,30.6228274
50.3930843,30.6240093
50.3922677,30.6248628
50.4025625,30.6574565
50.4032234,30.6614049
50.4406648,30.4236475
50.4411320,30.4226400
50.4394980,30.4204426
50.4402076,30.4218201
50.4418594,30.4229279
50.4412789,30.4218588
50.4422140,30.4217401
50.4076089,30.6116970
50.4067582,30.6126665
50.4437998,30.4964744
50.4407477,30.4978262
50.4435406,30.4959384
50.4405012,30.4987632
50.4407964,30.4995368
50.4436252,30.4962010
50.4401801,30.4983034
50.4428285,30.4955637
50.4547898,30.5231673
50.4542563,30.5228837
50.4544000,30.5224825
50.4545449,30.5230620
50.4468172,30.5328790
50.4467518,30.5333958
50.4472992,30.5329571
50.4493046,30.5295259
50.4568437,30.5201111
50.4537243,30.5199395
50.4563455,30.5178854
50.4537846,30.5202512
50.4535854,30.5207500
50.4544434,30.5207767
50.4539918,30.5200210
50.4569859,30.5181696
50.4540271,30.5210603
50.4559082,30.5184133
50.4560497,30.5188276
50.4555733,30.5183181
50.4541332,30.5202197
50.4539533,30.5197189
50.4557423,30.5177898
50.4577930,30.5197286
50.4572500,30.5196159
50.4534766,30.5202420
50.4579538,30.5193566
50.5009846,30.4489785
50.5016591,30.4490401
50.5047292,30.4496368
50.5030256,30.4548229
50.5003520,30.4372065
50.5010141,30.4482798
50.5003848,30.4380574
50.5003671,30.4389229
50.5169803,30.4249965
50.5007170,30.4333991
50.5148379,30.4236581
50.5161755,30.4276940
50.5063877,30.4238095
50.5104274,30.4344541
50.5094318,30.4324438
50.5132648,30.4342374
50.5062257,30.4269105
50.5059663,30.4294831
50.5122973,30.4328128
50.5050573,30.4261894
50.5013122,30.4332398
50.5065687,30.4292608
50.5102455,30.4298273
50.5093077,30.4411334
50.5070229,30.4246118
50.5098471,30.4308569
50.5054509,30.4241872
50.5097682,30.4318246
50.5136127,30.4346715
50.5089307,30.4414323
50.5092291,30.4315918
50.5104416,30.4306738
50.5052608,30.4251883
50.5165818,30.4243835
50.5119664,30.4368833
50.5111699,30.4311721
50.5122395,30.4380911
50.5006860,30.4323912
50.5128500,30.4362161
50.5051453,30.4309116
50.5113286,30.4374864
50.5048577,30.4271829
50.5114479,30.4347885
50.5148823,30.4269628
50.5109648,30.4350264
50.5117338,30.4359993
50.5142166,30.4348267
50.5124845,30.4376277
50.4996808,30.4420850
50.5066264,30.4254793
50.5122506,30.4349568
50.5154306,30.4260697
50.5117189,30.4384948
50.5032209,30.4298797
50.5099955,30.4330333
50.5103588,30.4389629
50.5042608,30.4314645
50.5127349,30.4339670
50.5095239,30.4402131
50.5108402,30.4384696
50.5119469,30.4355877
50.5027159,30.4329248
50.5086994,30.4419125
50.5057638,30.4255629
50.5119133,30.4317096
50.5125196,30.4357786
50.5110861,30.4379664
50.5153880,30.4253625
50.5115293,30.4392970
50.5101408,30.4349841
50.5115620,30.4323234
50.5154488,30.4282598
50.5103283,30.4358074
50.5107973,30.4300653
50.5120979,30.4395374
50.5094069,30.4419080
50.5094036,30.4397156
50.5133927,30.4355987
50.5064314,30.4282987
50.5056417,30.4280725
50.5147320,30.4261051
50.5146710,30.4227450
50.5130401,30.4333498
50.5100381,30.5106475
50.3927478,30.6143283
50.3925935,30.6133613
50.3932435,30.6151641
50.4226885,30.7039549
50.4652397,30.3489709
50.4667699,30.3530717
50.4652981,30.3466154
50.4655868,30.3490008
50.4692599,30.3332769
50.4653449,30.3483497
50.4664457,30.3534273
50.4684395,30.3341757
50.4703671,30.3360021
50.4662843,30.3518171
50.4697390,30.3355816
50.4674720,30.3537587
50.4690774,30.3345702
50.4697892,30.4840972
50.4716026,30.5035430
50.4214294,30.5171092
50.4210221,30.5173128
50.4258773,30.5143310
50.4256960,30.5144011
50.4187488,30.5188917
50.4251382,30.5158780
50.4649282,30.4784071
50.4167870,30.6311894
50.4145249,30.6284876
50.4171347,30.6258348
50.4162662,30.6290220
50.4144538,30.6265755
50.4158772,30.6261653
50.4151289,30.6332862
50.4151128,30.6307488
50.4143905,30.6357413
50.4129858,30.6360236
50.4158943,30.6313863
50.4152048,30.6286574
50.4074703,30.6191007
50.4095432,30.6234030
50.4088389,30.6176689
50.4093323,30.6167545
50.4182307,30.6355893
50.4093438,30.6225738
50.4099600,30.6158195
50.4182590,30.6368362
50.4069827,30.6171066
50.4187377,30.6357674
50.4070348,30.6150308
50.4192514,30.6351581
50.4441248,30.5180067
50.4460847,30.5104077
50.4454682,30.5101670
50.4457083,30.5102523
50.4519300,30.5184722
50.4227360,30.3901226
50.4236274,30.5156455
50.4238512,30.5146173
50.4241039,30.5148321
50.4234900,30.5143984
50.4240663,30.5152051
50.4223206,30.3910980
50.4211882,30.3891913
50.4522249,30.3864803
50.4525378,30.3872581
50.4521635,30.3855394
50.4520687,30.3879407
50.4511756,30.4948517
50.4485453,30.4756719
50.4483895,30.4749115
50.4482512,30.4743951
50.4481086,30.4738399
50.4327668,30.5123410
50.4235989,30.5129808
50.4356960,30.5104191
50.4336457,30.5157249
50.4336330,30.5140101
50.4328908,30.5132162
50.4249097,30.5134334
50.4326106,30.5140242
50.4333465,30.5139582
50.4357635,30.5096806
50.4357118,30.5131810
50.4323059,30.5140057
50.4326662,30.5157215
50.4233962,30.3854220
50.4235082,30.3869515
50.4236054,30.3864000
50.4234018,30.3874999
50.4225865,30.3871431
50.4160758,30.5204817
50.4152930,30.5207046
50.4156677,30.5209231
50.4235203,30.4259645
50.4239092,30.4222592
50.4247079,30.4170037
50.4229200,30.4234076
50.4234044,30.4228656
50.4224597,30.4250703
50.4237182,30.4248101
50.4226479,30.4258655
50.4314229,30.4225621
50.4226069,30.4245495
50.4232380,30.4249870
50.4245081,30.4221894
50.4266089,30.4141784
50.4231031,30.4254935
50.4240951,30.4237768
50.4253459,30.4160369
50.4263379,30.4157570
50.4259542,30.4151288
50.4268359,30.4150511
50.4192338,30.5363637
50.4416286,30.5170659
50.4418984,30.5172108
50.4405392,30.5165855
50.4407822,30.5171206
50.4162956,30.6193185
50.4609694,30.4923511
50.4606136,30.4922557
50.4221277,30.5285752
50.4182978,30.5313205
50.4178567,30.5316225
50.4174887,30.5306975
50.4173225,30.5314882
50.4154180,30.5225035
50.4368614,30.5026719
50.4431152,30.4987012
50.4353069,30.5086309
50.4442181,30.4987931
50.4349883,30.5086070
50.4294654,30.5347363
50.4286102,30.5341524
50.4481820,30.5017299
50.4452787,30.5059890
50.4511490,30.5021353
50.4514074,30.5014211
50.4509202,30.5023925
50.4465150,30.5038760
50.4477806,30.5012052
50.4472944,30.4999022
50.4458252,30.5035570
50.4462305,30.5063752
50.4482469,30.5013340
50.4514387,30.5018251
50.4481847,30.4987749
50.4472860,30.4992699
50.4476882,30.5018459
50.4479873,30.4974050
50.4483491,30.5006963
50.4516876,30.5010779
50.4480557,30.4993296
50.4482394,30.4984652
50.4460163,30.5069315
50.4457179,30.5078017
50.4466116,30.5079905
50.4454347,30.5076934
50.4467531,30.5073850
50.4462599,30.5070573
50.4456267,30.5094495
50.4459852,30.5079765
50.4465366,30.5090820
50.4143824,30.5455253
50.4136352,30.5456609
50.4272288,30.5436981
50.4127093,30.5443979
50.4052066,30.6710270
50.4224480,30.6445472
50.4241450,30.6436578
50.4219717,30.6453966
50.4795985,30.6042438
50.4165737,30.4656077
50.4166221,30.4662035
50.4148313,30.4755331
50.3926261,30.6318335
50.3937724,30.6283394
50.3949510,30.6278959
50.4379119,30.4440683
50.4397397,30.4438170
50.4393411,30.4445573
50.4389102,30.4453591
50.4385244,30.4460857
50.4401865,30.4358458
50.4392208,30.4412986
50.4416701,30.4426992
50.4424834,30.4424607
50.4409288,30.4432739
50.4411585,30.4430258
50.4425055,30.4400153
50.4422039,30.4395744
50.4418484,30.4380125
50.4414095,30.4360705
50.4426984,30.4361403
50.4425623,30.4351084
50.4440639,30.4390639
50.4439916,30.4454547
50.4480307,30.4427725
50.4476633,30.4436269
50.4475061,30.4443122
50.4472890,30.4450972
50.4489205,30.4356900
50.4468883,30.4422140
50.4482565,30.4402067
50.4480362,30.4442196
50.4470181,30.4409397
50.4464509,30.4411798
50.4466077,30.4404764
50.4467443,30.4397933
50.4473739,30.4398142
50.4476311,30.4412237
50.4483268,30.4424061
50.4481945,30.4366762
50.4471420,30.4362187
50.4485426,30.4377360
50.4483776,30.4352779
50.4485133,30.4340051
50.4461249,30.4394067
50.4447943,30.4395178
50.4454910,30.4391053
50.5157407,30.4603401
50.4412140,30.4328035
50.4406236,30.4330712
50.4400606,30.4334172
50.4315400,30.5578888
50.4368618,30.5555529
50.4361906,30.5539014
50.4362867,30.4526288
50.4227272,30.6468915
50.4446359,30.5426886
50.4454465,30.5439212
50.4181737,30.4929173
50.4184027,30.4897454
50.4186593,30.4928689
50.4189097,30.4902374
50.4180485,30.4914156
50.4223802,30.4697003
50.4225523,30.4691336
50.4414201,30.6247621
50.4339198,30.6372251
50.4326096,30.6374522
50.4322405,30.5481866
50.4359092,30.6280795
50.4845994,30.6082878
50.4404379,30.6289499
50.4213774,30.6532616
50.4502360,30.3568393
50.4540965,30.3536140
50.4524816,30.3543539
50.4517199,30.3514449
50.4509964,30.3513663
50.4517570,30.3536112
50.4509928,30.3559033
50.4512608,30.3549040
50.4515131,30.3508092
50.4501542,30.3558613
50.4540253,30.3529683
50.4543183,30.3508869
50.4513979,30.3564258
50.4510899,30.3538420
50.4543725,30.3516816
50.4522181,30.3501633
50.4534109,30.4873620
50.5129513,30.5029939
50.4295541,30.5945254
50.4287643,30.5945044
50.5134791,30.4219983
50.5133111,30.4213603
50.5125663,30.4219066
50.4342969,30.4824391
50.4348004,30.4826702
50.4381663,30.4771324
50.4372737,30.4757027
50.4377215,30.4764091
50.4152760,30.4662363
50.4152017,30.4672238
50.4206231,30.4725184
50.4627941,30.6190781
50.5136004,30.4155450
50.5137322,30.4184230
50.5130688,30.4157888
50.5121884,30.4186037
50.5119637,30.4139760
50.5124864,30.4160890
50.5146591,30.4203252
50.5126545,30.4190489
50.5143918,30.4209159
50.5132486,30.4188827
50.5134714,30.4163732
50.5128555,30.4134886
50.5132396,30.4145289
50.5117579,30.4152003
50.5117688,30.4171626
50.5148512,30.4194189
50.5138994,30.4175244
50.5115792,30.4186503
50.5111936,30.4167395
50.5115068,30.4202114
50.5138772,30.4167595
50.5121645,30.4198629
50.5099076,30.4146187
50.5143767,30.4185276
50.5100100,30.4170350
50.5101459,30.4161603
50.5107264,30.4196473
50.5119040,30.4207793
50.5124123,30.4093364
50.5064699,30.4150682
50.5107651,30.4113802
50.5093815,30.4191782
50.5082683,30.4146706
50.5067646,30.4136100
50.5085699,30.4186949
50.5078980,30.4218843
50.5097167,30.4137255
50.5091850,30.4126276
50.5082777,30.4101942
50.5102179,30.4118661
50.5090359,30.4116932
50.5061949,30.4168397
50.5126510,30.4101359
50.5077503,30.4097491
50.5072118,30.4126143
50.5087313,30.4108589
50.5115450,30.4093886
50.5074269,30.4113873
50.5104472,30.4106708
50.5090848,30.4183429
50.5099436,30.4111357
50.5069070,30.4157930
50.5073439,30.4194326
50.5065614,30.4174443
50.5088758,30.4195902
50.5075989,30.4105577
50.4342024,30.5165461
50.4356483,30.4709252
50.4357378,30.4743125
50.4169304,30.5200011
50.4165976,30.5198096
50.4176247,30.5193340
50.4173101,30.5196531
50.4586897,30.3644883
50.4583372,30.3758452
50.4624617,30.3699606
50.4617800,30.3627378
50.4580103,30.3743661
50.4581799,30.3766696
50.4620672,30.3657320
50.4647700,30.3659268
50.4650450,30.3636487
50.4606035,30.3674697
50.4573925,30.3746228
50.4601945,30.3608135
50.4647295,30.3650469
50.4651681,30.3654232
50.4611060,30.3622108
50.4629419,30.3657492
50.4582101,30.3780632
50.4629588,30.3635700
50.4636946,30.3624457
50.4644806,30.3633108
50.4592654,30.3706090
50.4615942,30.3637839
50.4571100,30.3727392
50.4651666,30.3663023
50.4595561,30.3630766
50.4638522,30.3689833
50.4629871,30.3664919
50.4626232,30.3602257
50.4642114,30.3597278
50.4626019,30.3625609
50.4574265,30.3781400
50.4645151,30.3586726
50.4615590,30.3584186
50.4629315,30.3691498
50.4584792,30.3773427
50.4573266,30.3773890
50.4595023,30.3696842
50.4630724,30.3673504
50.4606974,30.3640490
50.4621410,30.3665497
50.4650905,30.3670690
50.4577437,30.3773332
50.4628815,30.3649455
50.4632245,30.3708496
50.4640923,30.3685269
50.4595319,30.3645345
50.4601171,30.3591400
50.4643644,30.3679368
50.4650972,30.3645433
50.4584297,30.3705713
50.4631128,30.3681462
50.4594376,30.3617638
50.4615325,30.3647917
50.4579652,30.3723871
50.4646062,30.3674839
50.4646729,30.3606652
50.4621890,30.3673912
50.4619238,30.3696086
50.4587186,30.3758373
50.4622388,30.3682231
50.4613755,30.3692005
50.4637423,30.3638793
50.4630661,30.3583231
50.4624566,30.3585079
50.4605606,30.3586203
50.4625158,30.3593163
50.4646611,30.3641828
50.4579996,30.3730609
50.4595133,30.3717605
50.4581924,30.3651094
50.4864081,30.5982091
50.4864700,30.5989359
50.3966447,30.6370417
50.5280350,30.6066318
50.4123289,30.6140179
50.5016143,30.4433002
50.5015876,30.4480187
50.5037054,30.4509135
50.5010044,30.4437276
50.5032963,30.4429240
50.4558502,30.5945732
50.4931522,30.5046257
50.4451639,30.4973307
50.5130272,30.4400002
50.5098370,30.4425678
50.5113326,30.4414189
50.5125248,30.4415161
50.5125502,30.4435425
50.5126226,30.4404691
50.5131529,30.4370509
50.5116731,30.4416110
50.5108335,30.4405657
50.5124754,30.4420576
50.5133876,30.4419672
50.5117159,30.4410197
50.5124210,30.4440804
50.5132257,30.4390245
50.5098584,30.4444603
50.5130795,30.4384431
50.5130116,30.4406518
50.5127920,30.4373204
50.5120457,30.4418303
50.5118992,30.4401480
50.5127505,30.4422156
50.5100776,30.4435791
50.5136892,30.4384677
50.5122545,30.4403041
50.5095335,30.4439238
50.4562814,30.5918936
50.5227894,30.6114303
50.5220109,30.6112466
50.5219481,30.6122428
50.5217113,30.6151963
50.5217913,30.6142269
50.5224747,30.6153466
50.5228330,30.6104173
50.5267987,30.6186079
50.4664551,30.4942710
50.4671116,30.4926780
50.4238403,30.6512498
50.5217216,30.4636493
50.4433827,30.6652758
50.4429488,30.6645115
50.4639527,30.4860105
50.4252665,30.4223752
50.4255993,30.4233554
50.4289488,30.4255774
50.4263753,30.4195746
50.4251704,30.4198781
50.4245624,30.4271155
50.4265204,30.4175622
50.4279830,30.4154317
50.4288001,30.4268542
50.4247283,30.4242480
50.4254500,30.4276743
50.4253745,30.4241264
50.4268513,30.4170715
50.4254516,30.4195373
50.4283558,30.4152808
50.4281314,30.4291760
50.4259133,30.4187337
50.4256537,30.4270968
50.4241882,30.4263035
50.4349366,30.4215303
50.4332814,30.4327432
50.4386462,30.4131685
50.4312707,30.4286886
50.4334516,30.4320794
50.4327482,30.4304869
50.4315981,30.4316952
50.4450215,30.4283871
50.4418096,30.4249856
50.4402105,30.4257990
50.4415906,30.4262233
50.4451865,30.4246396
50.4399504,30.4231585
50.4407461,30.4256450
50.4299041,30.4295690
50.4371608,30.4218313
50.4309655,30.4297831
50.4320434,30.4288942
50.4314417,30.4281327
50.4364765,30.4296865
50.4422561,30.4168297
50.4297812,30.4273808
50.4330948,30.4312762
50.4450722,30.4291686
50.4303889,30.4273316
50.4302095,30.4260084
50.4323708,30.4322114
50.4315981,30.4310053
50.4401269,30.4238242
50.4454795,30.4295659
50.4407468,30.4264315
50.4423838,30.4241717
50.4425832,30.4263255
50.4412605,30.4293406
50.4311225,30.4292322
50.4384674,30.4124776
50.4409240,30.4271201
50.4453653,30.4196953
50.4324135,30.4296928
50.4306657,30.4307961
50.4416984,30.4256034
50.4305531,30.4254792
50.4428343,30.4308350
50.4308210,30.4303039
50.4397871,30.4224862
50.4381611,30.4133276
50.4455817,30.4287194
50.4272136,30.4562974
50.4293637,30.4572770
50.4273277,30.4600199
50.4307102,30.4573197
50.4271395,30.4556613
50.4286151,30.4579723
50.4276438,30.4562422
50.4267482,30.4599378
50.4305189,30.4584893
50.4297246,30.4584387
50.4272005,30.4589007
50.4301232,30.4567993
50.4278691,30.4563867
50.4503256,30.4689264
50.4319889,30.4808719
50.4333666,30.4587596
50.4314938,30.4810624
50.4304447,30.4801123
50.4305405,30.4814402
50.4310075,30.4812514
50.4676429,30.4891008
50.4679073,30.4890593
50.4684367,30.4889261
50.4681722,30.4889835
50.4202868,30.4732750
50.4227505,30.4737460
50.4234423,30.4702972
50.4463260,30.4419506
50.4502485,30.4347823
50.4456948,30.4403248
50.4383545,30.4415490
50.4676207,30.4871859
50.4673454,30.4867161
50.4237994,30.5344647
50.3915060,30.4902080
50.3925133,30.4951340
50.3910568,30.4955643
50.3916860,30.4918049
50.3911815,30.4924490
50.3910209,30.4913253
50.3911652,30.4888438
50.3901967,30.4961109
50.4770934,30.5992385
50.3921475,30.5308086
50.4296214,30.5139930
50.4296765,30.5143917
50.4296830,30.5150335
50.3918657,30.4974369
50.3907911,30.4978360
50.3925029,30.4970973
50.3817108,30.4920468
50.3815222,30.4908674
50.3812126,30.4925013
50.3827086,30.4925929
50.4296554,30.6533875
50.3942821,30.6372575
50.4149502,30.6152660
50.4143787,30.6186914
50.4129295,30.6132343
50.4220422,30.5492741
50.5020207,30.4320151
50.5010933,30.4288827
50.4302463,30.4853324
50.4786747,30.4334873
50.4789524,30.4325218
50.4256424,30.3881099
50.4255709,30.3867287
50.4262840,30.3872866
50.4264055,30.3867489
50.4261468,30.3878216
50.4337055,30.6346149
50.4254974,30.5311048
50.4267483,30.5317322
50.4240793,30.5216754
50.3958070,30.6939351
50.3967296,30.6945928
50.3954550,30.6934430
50.4243689,30.5167674
50.4240705,30.5208739
50.3985368,30.6806749
50.4640992,30.4942591
50.4636571,30.4940105
50.4644490,30.4943445
50.4640826,30.4977254
50.4638900,30.4950639
50.4640489,30.4964730
50.3655220,30.4532071
50.3645023,30.4525751
50.3680935,30.4493710
50.3665772,30.4548929
50.3688603,30.4507354
50.3667999,30.4556943
50.3657285,30.4559755
50.3654431,30.4550216
50.3703613,30.4527868
50.3647710,30.4521158
50.3676764,30.4487265
50.3648577,30.4545829
50.3672528,30.4481331
50.3670736,30.4575277
50.3707629,30.4518684
50.3662764,30.4553744
50.3673211,30.4559986
50.3662508,30.4459338
50.3666503,30.4573785
50.4241667,30.5188999
50.4271459,30.5298247
50.4250626,30.5269477
50.4236491,30.5316471
50.4257542,30.5130564
50.4036361,30.5318113
50.4024923,30.5369070
50.4039738,30.5309807
50.4033823,30.5308717
50.4010847,30.5301704
50.4035524,30.5297852
50.3610833,30.4695273
50.3572736,30.4737700
50.3530961,30.4901561
50.3535873,30.4902192
50.5275604,30.6251974
50.4298096,30.4859002
50.4422286,30.6315469
50.4400561,30.6410380
50.4405657,30.6395567
50.4383044,30.6482801
50.4345884,30.6404556
50.4395923,30.6404674
50.4405711,30.6385838
50.4371203,30.6482292
50.4341097,30.6413284
50.4386601,30.6440374
50.4397995,30.6390701
50.4395192,30.6426116
50.4400754,30.6382652
50.4380460,30.6436573
50.4411023,30.6457238
50.4378317,30.6493154
50.4382469,30.6399964
50.4336352,30.6421748
50.4392625,30.6522739
50.4354337,30.6469997
50.4395208,30.6527780
50.4406246,30.6499534
50.4389899,30.6517490
50.4362677,30.6482254
50.4367225,30.6492518
50.4629068,30.5923970
50.3826232,30.4842407
50.3830349,30.4838295
50.3826299,30.4828025
50.3824731,30.4824081
50.4462523,30.5052433
50.4082313,30.6351288
50.4803045,30.4089635
50.4845351,30.3942226
50.4813480,30.4093845
50.4795773,30.4051925
50.4280350,30.5019597
50.4748140,30.4041866
50.4821972,30.4002223
50.4557164,30.3993626
50.4790513,30.3953895
50.4780732,30.3971533
50.4542732,30.3961144
50.4645573,30.4149288
50.4819786,30.3953336
50.4522092,30.4790954
50.4781424,30.4062655
50.4765227,30.3977152
50.4684223,30.4157095
50.4822973,30.3942754
50.4825463,30.3961935
50.4845090,30.3911503
50.4615898,30.4100239
50.4774831,30.4039317
50.4685085,30.4175822
50.4844228,30.3895221
50.4818744,30.4080515
50.4564207,30.4017501
50.4840390,30.3891765
50.4793740,30.3986379
50.4744218,30.4062987
50.4626762,30.4142340
50.4809219,30.3968202
50.4763475,30.4073853
50.4778275,30.3986888
50.4679540,30.4154781
50.4839573,30.3933004
50.4797502,30.4072486
50.4828771,30.3934457
50.4845072,30.3927103
50.4570563,30.4028463
50.4808816,30.4006146
50.4555983,30.3976835
50.4786950,30.3984691
50.4766477,30.4053147
50.4725152,30.4020172
50.4659781,30.4181279
50.4512437,30.4774901
50.4772391,30.4065357
50.4825443,30.3984360
50.4839616,30.3902446
50.4851888,30.3888092
50.4692383,30.4142720
50.4558796,30.4016085
50.4726686,30.4000678
50.4801268,30.3991379
50.4668030,30.4063176
50.4737578,30.4045164
50.4653699,30.4171386
50.4817017,30.3973030
50.4754786,30.4070777
50.4832844,30.3928338
50.4536846,30.3991587
50.4660767,30.4160684
50.4825443,30.3995616
50.4785438,30.4053146
50.4597852,30.3971096
50.4662488,30.4063923
50.4817366,30.4032029
50.4664693,30.4128785
50.4534812,30.3976855
50.4657065,30.4165169
50.4827945,30.3902816
50.4554722,30.3959451
50.4587206,30.3968089
50.4813772,30.3934513
50.4804586,30.4053178
50.4522552,30.4477271
50.4542555,30.4830761
50.4616799,30.4113868
50.4762369,30.4023410
50.4626116,30.4040253
50.4775322,30.3947476
50.4810492,30.4042135
50.4528955,30.3979565
50.4725125,30.4130895
50.4801784,30.3944951
50.4809017,30.3973461
50.4275032,30.4925505
50.4681231,30.4163848
50.4546280,30.3983474
50.4619545,30.4084115
50.4786743,30.3932825
50.4792168,30.4082503
50.4755586,30.4046154
50.4793630,30.4045471
50.4823139,30.4069472
50.4794311,30.3976938
50.4743530,30.4013749
50.4545854,30.3968438
50.4643081,30.4153933
50.4814499,30.3947099
50.4502876,30.4771387
50.4772445,30.4070993
50.4772366,30.3985015
50.4684157,30.4169632
50.4758006,30.4010047
50.4536596,30.4816478
50.4665455,30.4157962
50.4774855,30.4045681
50.4806562,30.4084276
50.4847582,30.3951312
50.4818645,30.4075279
50.4797911,30.4031172
50.4800964,30.3984896
50.4747842,30.4053175
50.4822514,30.4008184
50.4555511,30.3967887
50.4805313,30.3953426
50.4793043,30.3964333
50.4779879,30.3976879
50.4832405,30.3906362
50.4636182,30.4152641
50.4782694,30.4073509
50.4766181,30.3971709
50.4794964,30.4077427
50.4645480,30.4111347
50.4826184,30.4025945
50.4797775,30.4065584
50.4847338,30.3920754
50.4780987,30.4032022
50.4597776,30.3965096
50.4808852,30.4011754
50.4818935,30.4064458
50.4567447,30.4016577
50.4786971,30.3990839
50.4766939,30.4041911
50.4641286,30.4141899
50.4657313,30.4175883
50.4763395,30.4062776
50.4725196,30.4136975
50.4261101,30.4986752
50.4824241,30.3978673
50.4839592,30.3917794
50.4834268,30.3944914
50.4847382,30.3936023
50.4563380,30.4030085
50.4808838,30.4000349
50.4743493,30.4031892
50.4617512,30.4126498
50.4739032,30.4052150
50.4556340,30.3985024
50.4651788,30.4159649
50.4753849,30.4065481
50.4778630,30.3964732
50.4532665,30.3985460
50.4821081,30.4019937
50.4660575,30.4169958
50.4725378,30.4142336
50.4825344,30.3989956
50.4776946,30.4052292
50.4847243,30.3905500
50.4673067,30.4168134
50.4577452,30.4021940
50.4574851,30.3953800
50.4814091,30.4037254
50.4559238,30.4026545
50.4737631,30.4038705
50.4652656,30.4178612
50.4817427,30.3990141
50.4667245,30.4150224
50.4527402,30.3974240
50.4786282,30.4041540
50.4794098,30.3937181
50.4695204,30.4072922
50.4806860,30.4044849
50.4726122,30.4027491
50.4538719,30.3983680
50.4794957,30.3945266
50.4808608,30.3946100
50.4725085,30.4012643
50.4544551,30.3976306
50.4821252,30.3934504
50.4764078,30.3965066
50.4693274,30.4150812
50.4755571,30.4039624
50.4643822,30.4120619
50.4793714,30.4039076
50.4762098,30.4032203
50.4705110,30.4167145
50.4652033,30.4054220
50.4815730,30.4069170
50.4775541,30.3953109
50.4819544,30.3965504
50.4264449,30.4983648
50.4742039,30.4022465
50.4640172,30.4157427
50.4812387,30.4019435
50.4807131,30.3962063
50.4839377,30.3951134
50.4809101,30.3979036
50.4285376,30.4925146
50.4773678,30.3975687
50.4679634,30.4172182
50.4536956,30.3969368
50.4619269,30.4091884
50.4787355,30.3939002
50.4757861,30.4052442
50.4211615,30.5524874
50.4260024,30.3781060
50.4296109,30.3655491
50.4288819,30.3915733
50.4260483,30.3684578
50.4254692,30.3738167
50.4191072,30.3821177
50.4270174,30.3933363
50.4254688,30.3760873
50.4307934,30.3944738
50.4312068,30.3960038
50.4249180,30.3730524
50.4271436,30.3919189
50.4241525,30.3731982
50.4164841,30.3852641
50.4245486,30.3771896
50.4184576,30.3781808
50.4243749,30.3744344
50.4298244,30.3672561
50.4171405,30.3847202
50.4172162,30.3832623
50.4239785,30.3778454
50.4193063,30.3796790
50.4286966,30.3700037
50.4298156,30.3887444
50.4298184,30.3706776
50.4165771,30.3798085
50.4268437,30.3918343
50.4244523,30.3691935
50.4222602,30.3743483
50.4291938,30.3870565
50.4272033,30.3717078
50.4281576,30.3883281
50.4149070,30.3846092
50.4285501,30.3694624
50.4145521,30.3835126
50.4273328,30.3899757
50.4231482,30.3760779
50.4210525,30.3798379
50.4199138,30.3755720
50.4275614,30.3680137
50.4262452,30.3915398
50.4281919,30.3922387
50.4234923,30.3705597
50.4209475,30.3779556
50.4285993,30.3662646
50.4298730,30.3916450
50.4273533,30.3696578
50.4190937,30.3812896
50.4275229,30.3926447
50.4228633,30.3722605
50.4201663,30.3782982
50.4265503,30.3774722
50.4253248,30.3791496
50.4287426,30.3910103
50.4261680,30.3706229
50.4254124,30.3730651
50.4184945,30.3813728
50.4267467,30.3925955
50.4249186,30.3759273
50.4187088,30.3777644
50.4305209,30.3956496
50.4274811,30.3807623
50.4243273,30.3737156
50.4156097,30.3803305
50.4168248,30.3850036
50.4232468,30.3791244
50.4161359,30.3836937
50.4240695,30.3796805
50.4182225,30.3785456
50.4189674,30.3773521
50.4288495,30.3705327
50.4301256,30.3954090
50.4174574,30.3844814
50.4248931,30.3711644
50.4234929,30.3777535
50.4271137,30.3869685
50.4254995,30.3815019
50.4285784,30.3868811
50.4280483,30.3718040
50.4197841,30.3968014
50.4151598,30.3850219
50.4278083,30.3885438
50.4240242,30.3701710
50.4223037,30.3725812
50.4249763,30.3806396
50.4290515,30.3882432
50.4270589,30.3711591
50.4146755,30.3841379
50.4285115,30.3881190
50.4207676,30.3728631
50.4198021,30.3770891
50.4214518,30.3715269
50.4266487,30.3889057
50.4277473,30.3686375
50.4260481,30.3933854
50.4213500,30.3777959
50.4208024,30.3748425
50.4291140,30.3659167
50.4276806,30.3672005
50.4294745,30.3898165
50.4269039,30.3706047
50.4198163,30.3812487
50.4278671,30.3924443
50.4229909,30.3710291
50.4205454,30.3781488
50.4463872,30.5057486
50.4459388,30.5055545
50.4321317,30.3803588
50.4233292,30.3743107
50.4538402,30.3844460
50.4353369,30.3632256
50.4506035,30.3671993
50.4352100,30.3624102
50.4345072,30.3670069
50.4323397,30.3626089
50.4343755,30.3662146
50.4313316,30.3641893
50.4339972,30.3696561
50.4309039,30.3713336
50.4318038,30.3752047
50.4321473,30.3769293
50.4321390,30.3679124
50.4322389,30.3763326
50.4522451,30.3831426
50.4521556,30.3819159
50.4535281,30.3804248
50.4218578,30.3729054
50.4278654,30.3740277
50.4309682,30.3738996
50.4532395,30.3844002
50.4569925,30.3748894
50.4293509,30.3725179
50.4315416,30.3678864
50.4342037,30.3757356
50.4336344,30.3755683
50.4345847,30.3617816
50.4395360,30.3612852
50.4334302,30.3683888
50.4387310,30.3609355
50.4377159,30.3611155
50.4398650,30.3607947
50.4546980,30.3798255
50.4541010,30.3799287
50.4591568,30.3745655
50.4316370,30.3746030
50.4303461,30.3761389
50.4554550,30.3771681
50.4046034,30.5058663
50.4290515,30.3760670
50.4056459,30.5070541
50.4049026,30.5057635
50.4527448,30.3837839
50.4314385,30.3728516
50.4308637,30.3722816
50.4290511,30.3741675
50.4060935,30.5058386
50.4511576,30.3677330
50.4060826,30.5048148
50.4297983,30.3790397
50.4595022,30.3662475
50.4581594,30.3737030
50.4231326,30.3750450
50.4274778,30.3748204
50.4060743,30.5030544
50.4505726,30.3666657
50.4344791,30.3703084
50.4354675,30.3612783
50.4503531,30.3644604
50.4342215,30.3654321
50.4337572,30.3619564
50.4596700,30.3707592
50.4328224,30.3681001
50.4326456,30.3641849
50.4352340,30.3675120
50.4324428,30.3634267
50.4333616,30.3773764
50.4287194,30.3796366
50.4403148,30.3612951
50.4317013,30.3693486
50.4294725,30.3776424
50.4056670,30.5058755
50.4053236,30.5065343
50.4527821,30.3801050
50.4319448,30.3757935
50.4317506,30.3777366
50.4554155,30.3717564
50.4535236,30.3867487
50.4531560,30.3856060
50.4315434,30.3664871
50.4339767,30.3779587
50.4344116,30.3785900
50.4331129,30.3788225
50.4339479,30.3645280
50.4367412,30.3612749
50.4535994,30.3814934
50.4590853,30.3736652
50.4585846,30.3738887
50.4330934,30.3761105
50.4363796,30.3661310
50.4292636,30.3675026
50.4342353,30.3725932
50.4550593,30.3780887
50.4308810,30.3654665
50.4347421,30.3811288
50.4291386,30.3788012
50.4286905,30.3771978
50.4339766,30.3713130
50.4286344,30.3744526
50.4339950,30.3704773
50.4057012,30.5031306
50.4044957,30.5076795
50.4282999,30.3756154
50.4056384,30.5080405
50.4521986,30.3825647
50.4297063,30.3737232
50.4293739,30.3739511
50.4065786,30.5055678
50.4212728,30.4741106
50.4151709,30.4723295
50.4241708,30.4663782
50.4222351,30.4704533
50.4187818,30.4947198
50.4139268,30.4755463
50.4147218,30.4722647
50.4140271,30.4727385
50.4241381,30.4718077
50.4238616,30.6551961
50.4233964,30.6554776
50.4755623,30.4403641
50.4807948,30.4530276
50.4518465,30.3762272
50.4333039,30.4805662
50.4746449,30.4353785
50.4277412,30.4788190
50.4637287,30.4394185
50.4247847,30.4534338
50.4524242,30.3704946
50.4329979,30.4778453
50.4255657,30.4619534
50.4763539,30.4401883
50.4348571,30.4816285
50.4561800,30.3787115
50.4317506,30.4583362
50.4398753,30.4825742
50.4242236,30.4547544
50.4818382,30.4430119
50.4206883,30.4692355
50.4270676,30.4696053
50.4740941,30.4359957
50.4547469,30.3855705
50.4339473,30.4644414
50.4237148,30.4771177
50.4762126,30.4409613
50.4757237,30.4392913
50.4737596,30.4390841
50.4625874,30.4358521
50.4562550,30.3793054
50.4322403,30.4587743
50.4518038,30.3780731
50.4751019,30.4349718
50.4751380,30.4406749
50.4548959,30.3746554
50.4507887,30.3802779
50.4517935,30.3695367
50.4302867,30.4635201
50.4751141,30.4383895
50.4741387,30.4376269
50.4307258,30.4746353
50.4547833,30.3809073
50.4778730,30.4378126
50.4516792,30.3816389
50.4761793,30.4389167
50.4313147,30.4604931
50.4736577,30.4359176
50.4334959,30.4814138
50.4752430,30.4376559
50.4776804,30.4416749
50.4758438,30.4409538
50.4518826,30.3772082
50.4746578,30.4374695
50.4554130,30.3743924
50.4545637,30.3844080
50.4766508,30.4381879
50.4760253,30.4399517
50.4259012,30.4613745
50.4632824,30.4396974
50.4602519,30.3621256
50.4765132,30.4389696
50.4336991,30.4822570
50.4749194,30.4397070
50.4654202,30.4433918
50.4780068,30.4416169
50.4557972,30.3777225
50.4749927,30.4356590
50.4752662,30.4399299
50.4344294,30.4799159
50.4331480,30.4796880
50.4630961,30.4382972
50.4341969,30.4634042
50.4748019,30.4404081
50.4520878,30.3680042
50.4471328,30.3814525
50.4309243,30.4751469
50.4805116,30.4524871
50.4273695,30.4692138
50.4213451,30.4731575
50.4740514,30.4387102
50.4583932,30.4146436
50.4576384,30.4147886
50.4561141,30.4005201
50.5682016,30.4642498
50.5671871,30.4618061
50.5669950,30.4627633
50.5682052,30.4634236
50.5674415,30.4635671
50.5688485,30.4641942
50.5671489,30.4609349
50.5681690,30.4626787
50.5677714,30.4643100
50.5669802,30.4623190
50.5678082,30.4633995
50.5679744,30.4618212
50.5671237,30.4643206
50.4459242,30.4559559
50.4551231,30.6274353
50.4552958,30.6280169
50.3862533,30.4687917
50.3854166,30.4673073
50.3828803,30.4834488
50.4652963,30.5163046
50.4630518,30.4801966
50.4036510,30.6413578
50.4668936,30.5098333
50.4676965,30.5098963
50.4680417,30.5104792
50.4674512,30.5116451
50.4677833,30.5109954
50.4637889,30.4881142
50.4265226,30.5216475
50.4696381,30.4859959
50.4650733,30.4874654
50.4700579,30.4908032
50.4658048,30.4856336
50.4698913,30.4807331
50.4699201,30.4856246
50.4137052,30.6291605
50.4152140,30.3971707
50.4143541,30.3986048
50.4127065,30.3973847
50.4127963,30.3910461
50.4130959,30.3913368
50.4189911,30.3959466
50.4185724,30.3958940
50.4184325,30.3967061
50.4180116,30.3956396
50.4180177,30.3966558
50.4184766,30.3950135
50.4174953,30.3963330
50.4191815,30.3766932
50.4157225,30.3855154
50.4198001,30.3741322
50.4260951,30.3819046
50.4242252,30.3824299
50.4225905,30.3798935
50.4251186,30.3835939
50.4251728,30.3830321
50.4232270,30.3824934
50.4219523,30.3802012
50.4230876,30.3810891
50.4246452,30.3836497
50.4226361,30.3791618
50.4252312,30.3939581
50.4235041,30.3931999
50.4243412,30.3936261
50.4624417,30.4729139
50.4498080,30.4889772
50.4540022,30.4663995
50.4586053,30.4743245
50.4583143,30.4752396
50.4586129,30.4760590
50.4494322,30.4966399
50.4493259,30.4954082
50.4494864,30.4958206
50.4572184,30.4876318
50.4503403,30.4884584
50.4539545,30.4863589
50.4509910,30.4878638
50.4492154,30.4897136
50.4501459,30.4885958
50.4471379,30.4834213
50.4560300,30.4834901
50.3864569,30.5096885
50.3857900,30.5070672
50.3593446,30.4717489
50.3888746,30.5255208
50.3503214,30.4747933
50.3816574,30.5312292
50.3542005,30.4742179
50.3886875,30.5251028
50.3588034,30.4720098
50.3760901,30.5387693
50.3839223,30.5069518
50.3522514,30.4757127
50.3553564,30.4756032
50.3604726,30.4696966
50.3545997,30.4747772
50.3893052,30.5287147
50.3504465,30.4755620
50.3577767,30.4731741
50.3768252,30.5386386
50.3893566,30.5258838
50.3905687,30.5340607
50.3817497,30.5317391
50.3835818,30.5309028
50.3847018,30.5065139
50.3764774,30.5380241
50.3602576,30.4708715
50.3756795,30.5384784
50.3867511,30.5119177
50.3890897,30.5279355
50.3828355,30.5066815
50.3898004,30.5273577
50.3546415,30.4756894
50.4575046,30.3984428
50.4531905,30.3970307
50.4542026,30.3994285
50.4547776,30.3994609
50.4575982,30.4001886
50.4505902,30.4287018
50.4571930,30.3974744
50.4574024,30.3967192
50.4315990,30.3962303
50.4565295,30.3969731
50.4567417,30.3986466
50.4540060,30.3973458
50.4674074,30.4880133
50.4522190,30.4653905
50.4509839,30.4725335
50.4513601,30.4721225
50.4530926,30.4652732
50.4353634,30.4438784
50.4588835,30.4242422
50.4520935,30.4720706
50.4582567,30.4259144
50.4582813,30.4249563
50.4585649,30.4239695
50.4574521,30.4313657
50.4579880,30.4267896
50.4511583,30.4726168
50.4528760,30.4663127
50.4360248,30.4433891
50.4529427,30.4678552
50.4347591,30.4443292
50.4533046,30.4672905
50.4679029,30.4832918
50.4684242,30.4776196
50.4638851,30.4766512
50.4679938,30.4824448
50.4169517,30.6608283
50.4177787,30.4004546
50.4184179,30.3983184
50.4189200,30.3992233
50.4180036,30.3982741
50.4524629,30.3720942
50.4340004,30.4057365
50.4317219,30.3978004
50.4332814,30.4056714
50.4492099,30.3860148
50.4340813,30.4069395
50.4337924,30.4049578
50.4344511,30.4062222
50.4332610,30.4042950
50.4597695,30.3791082
50.4573925,30.3797941
50.4593641,30.3791755
50.4601819,30.3790295
50.4605970,30.3807876
50.4587070,30.3725832
50.4544518,30.3867460
50.4312147,30.3974945
50.4344306,30.3987897
50.4524080,30.3712082
50.4302872,30.3908137
50.4355722,30.3759253
50.4283039,30.3780181
50.4357840,30.3767053
50.4353763,30.3751422
50.4392886,30.3803120
50.4265700,30.3674904
50.4308705,30.3677093
50.4278875,30.3764373
50.4386461,30.4518236
50.4606272,30.3426773
50.4305772,30.4872213
50.4322419,30.3786805
50.4326936,30.3774844
50.4334344,30.3746675
50.4324653,30.3780720
50.4292574,30.3920244
50.4268738,30.3902060
50.4836720,30.4073528
50.4632508,30.4164121
50.4836751,30.4080359
50.5005311,30.3610763
50.4625621,30.4156159
50.4845663,30.4083348
50.5007627,30.3636175
50.5010492,30.3619188
50.4619893,30.4148389
50.4837913,30.4093976
50.4836696,30.4087253
50.4873480,30.4080334
50.4750300,30.4005524
50.4856925,30.4066326
50.4874256,30.4094215
50.4826255,30.4064562
50.4622079,30.4136861
50.4873495,30.4087281
50.4630394,30.4150910
50.4796350,30.4023633
50.4873450,30.4073462
50.4882055,30.4083387
50.4838801,30.4066332
50.4889950,30.4064517
50.5002575,30.3619585
50.4618150,30.4136930
50.5011185,30.3636252
50.4772464,30.3991271
50.5011158,30.3626432
50.5004115,30.3632108
50.4874961,30.4066512
50.4475090,30.4460325
50.4475645,30.4468767
50.4452665,30.4462987
50.4495531,30.4442934
50.4492030,30.4472482
50.4461195,30.4461170
50.4499433,30.4501584
50.3956954,30.6363441
50.4124166,30.6297936
50.4122579,30.6318133
50.4107233,30.4855523
50.4092225,30.5100494
50.4161369,30.4747334
50.4143987,30.4733617
50.4104727,30.4752868
50.4157750,30.4746654
50.4149759,30.4732352
50.4143630,30.4746845
50.4139687,30.4740401
50.4150629,30.4748054
50.4234776,30.4378418
50.4238730,30.4519036
50.4160438,30.4482185
50.4931087,30.5238571
50.4531622,30.6850899
50.4491726,30.4375560
50.4491965,30.4366701
50.4451268,30.4409281
50.4476233,30.4345220
50.4454831,30.4415987
50.4665882,30.4699752
50.4644876,30.4642919
50.4667745,30.4726398
50.4629700,30.4735464
50.4637077,30.4642106
50.4680399,30.4717369
50.4669763,30.4716982
50.4644785,30.4715221
50.4663163,30.4725589
50.4631471,30.4649913
50.4624350,30.4735005
50.4287839,30.3948811
50.4295444,30.3948497
50.4291679,30.3950639
50.4293451,30.3932460
50.4289542,30.3935659
50.4285619,30.3939006
50.4469843,30.5060621
50.3925084,30.4995730
50.3925503,30.5006842
50.3918470,30.4987628
50.3919963,30.5014585
50.3920321,30.4980322
50.3914412,30.4982439
50.3911691,30.4990137
50.3923348,30.4986287
50.3936648,30.4967870
50.4809280,30.4770350
50.4533475,30.4825442
50.4527606,30.4822330
50.4797517,30.4779805
50.5180278,30.4382292
50.5145282,30.4381283
50.5145222,30.4369820
50.5143592,30.4393589
50.5149869,30.4362313
50.5146813,30.4389290
50.5139254,30.4380152
50.5140380,30.4388996
50.5143295,30.4384909
50.5147695,30.4365999
50.5137949,30.4373116
50.5171781,30.4382518
50.5146124,30.4395422
50.5147711,30.4353471
50.5152158,30.4358626
50.5152276,30.4390465
50.5143116,30.4373452
50.5143975,30.4360750
50.5159457,30.4373189
50.5154651,30.4368046
50.5155900,30.4381111
50.5145816,30.4356729
50.5150499,30.4394475
50.5156398,30.4363919
50.5141958,30.4365955
50.5157571,30.4377106
50.5151841,30.4373268
50.5107098,30.4411863
50.5154197,30.4385430
50.5174546,30.4369887
50.5161246,30.4368896
50.5148186,30.4385604
50.5533782,30.3394788
50.5076051,30.4152239
50.5140743,30.4212973
50.5108872,30.4183195
50.5111736,30.4126954
50.5115088,30.4128624
50.5109944,30.4136745
50.5113365,30.4138441
50.5098475,30.4178524
50.5063729,30.4207190
50.5084446,30.4216510
50.5073432,30.4221294
50.5064436,30.4191952
50.5118813,30.4075182
50.5059557,30.4201903
50.5058728,30.4193360
50.5067417,30.4224265
50.5120117,30.4069366
50.5119560,30.4071596
50.5017619,30.4308958
50.5031493,30.4368909
50.5014089,30.4303647
50.5194429,30.5104912
50.5210290,30.5033484
50.5266771,30.5124461
50.5243368,30.5074275
50.5220199,30.5025964
50.5242601,30.5113762
50.5219964,30.5069797
50.5212145,30.5053039
50.5262167,30.5093327
50.5212367,30.5009253
50.5259965,30.5103404
50.5279246,30.5169960
50.5248860,30.5200759
50.5271343,30.5043335
50.5274777,30.5038622
50.4502083,30.6202895
50.4511202,30.6241883
50.4509340,30.6249945
50.4516271,30.6245256
50.4503320,30.6238586
50.4498153,30.6205446
50.4523469,30.6240484
50.5230543,30.5152811
50.5173938,30.5070337
50.5202534,30.5114680
50.5214388,30.5116270
50.5215632,30.5129486
50.5255837,30.5203966
50.5202583,30.5127055
50.5254894,30.5195785
50.5194566,30.5130520
50.5189074,30.5130955
50.5241573,30.5164481
50.5210673,30.5123629
50.5247071,30.5170161
50.5167299,30.5128982
50.5179099,30.5176925
50.5162779,30.5122394
50.4060978,30.6144221
50.4537153,30.6232107
50.4476670,30.6203877
50.4530507,30.6282249
50.4551845,30.6286758
50.4543116,30.6275386
50.4547149,30.6288592
50.4545465,30.6261679
50.4560837,30.6308261
50.4520343,30.6196814
50.4517867,30.6187890
50.4542217,30.6241726
50.4562253,30.6287003
50.4563269,30.6306549
50.4564560,30.6292235
50.4531175,30.6107948
50.4581884,30.6273609
50.4529440,30.6101564
50.5125080,30.5106373
50.5117372,30.5105934
50.5134507,30.5082723
50.4574401,30.6277994
50.4571677,30.6271264
50.4566913,30.6284262
50.4568800,30.6258008
50.5103096,30.5119083
50.5157633,30.5093188
50.5137608,30.5066885
50.5161035,30.5053189
50.5173714,30.5030743
50.5147362,30.5080290
50.5189976,30.5026895
50.5183770,30.5017986
50.5167796,30.5072644
50.5178710,30.5024393
50.5146543,30.5116910
50.4827966,30.4015722
50.5261692,30.5139876
50.5243860,30.5035179
50.5275611,30.5004886
50.5262443,30.5053529
50.5251126,30.5049808
50.5233022,30.5123698
50.5231727,30.5070341
50.5252457,30.5103307
50.5253185,30.5063474
50.5250653,30.5089108
50.5255282,30.5153794
50.5233530,30.5084497
50.5234057,30.5045178
50.5232203,30.5031298
50.5247905,30.5146424
50.5240617,30.5138967
50.5231003,30.5109898
50.5257535,30.5025804
50.5251741,30.5027625
50.5242446,30.5132865
50.5270500,30.5012154
50.5249866,30.5139768
50.5271064,30.5004248
50.5241005,30.5084744
50.5257170,30.5146520
50.5240420,30.5123994
50.5275253,30.5020047
50.5209177,30.5131031
50.5127756,30.4920972
50.5127995,30.4916360
50.5121866,30.4922728
50.5116106,30.4920792
50.5116229,30.4916050
50.5217544,30.5087235
50.5211003,30.5046368
50.5194092,30.5057750
50.5201172,30.5076216
50.5218037,30.5043619
50.5193989,30.5069279
50.5186619,30.5068859
50.5210510,30.5089986
50.5152324,30.5054195
50.5144132,30.5068845
50.5134394,30.5055634
50.5137416,30.5039279
50.5154190,30.5081514
50.5204597,30.5096368
50.5201164,30.5003480
50.5219918,30.5052510
50.5219505,30.5096114
50.5220017,30.5007777
50.5168781,30.5003109
50.5208806,30.4976333
50.5170061,30.4975172
50.5197542,30.4974130
50.5159279,30.4972309
50.5178379,30.4973721
50.5189410,30.4975902
50.5152225,30.4998651
50.5185551,30.5007760
50.5195821,30.5025585
50.5178337,30.5001841
50.5213691,30.4966295
50.5138515,30.5031387
50.5184794,30.4999537
50.5204567,30.5015850
50.4552864,30.6311250
50.5036043,30.4462243
50.3842385,30.4616298
50.3806113,30.4560327
50.3941879,30.4957512
50.3942945,30.4964004
50.3772402,30.4509714
50.3777852,30.4502347
50.3779892,30.4514272
50.3811269,30.4534585
50.3804964,30.4543189
50.3817486,30.4526023
50.3757666,30.4529881
50.3823668,30.4517484
50.3858847,30.4677843
50.3905081,30.4823545
50.3898492,30.4789141
50.3908863,30.4813489
50.3913946,30.4822126
50.3915752,30.4815514
50.3897849,30.4783080
50.3902860,30.4813793
50.3913533,30.4830455
50.3810226,30.4523505
50.5092679,30.5027816
50.5093142,30.5015558
50.5102738,30.5009381
50.5092801,30.5040363
50.5100559,30.5021649
50.5098357,30.5034669
50.5080494,30.5095376
50.5063176,30.5132824
50.5058516,30.5108647
50.5063503,30.5018424
50.5064662,30.5122166
50.5057913,30.5137405
50.5063226,30.5122063
50.3795776,30.4622366
50.3768339,30.4523936
50.3846497,30.4626666
50.3834404,30.4640382
50.3773017,30.4534133
50.4606847,30.4242141
50.4609685,30.4246440
50.4613078,30.4250323
50.4613292,30.4269308
50.4405328,30.6169666
50.3796090,30.4573341
50.3801773,30.4576002
50.3796861,30.4579955
50.3805185,30.4569095
50.3909628,30.4963046
50.3906102,30.4969390
50.3911112,30.4967645
50.3634158,30.4637416
50.3629768,30.4642918
50.3638028,30.4632013
50.3638729,30.4617942
50.3628530,30.4658434
50.3628776,30.4608944
50.3612246,30.4644196
50.3651313,30.4628132
50.3665068,30.4614041
50.3609363,30.4638788
50.3668716,30.4590294
50.3625586,30.4662364
50.3629743,30.4616329
50.3616279,30.4661269
50.3640410,30.4633270
50.3618357,30.4658374
50.3664513,30.4610169
50.3667503,30.4606060
50.3630827,30.4650460
50.3672507,30.4603425
50.3627762,30.4619254
50.3653919,30.4610846
50.3623140,30.4660952
50.3648057,30.4632523
50.3669319,30.4594367
50.3633890,30.4655796
50.3637819,30.4628154
50.3657638,30.4605965
50.3666255,30.4588892
50.3634404,30.4619151
50.3614486,30.4645391
50.3662094,30.4608785
50.3606153,30.4647880
50.3649803,30.4616553
50.3653734,30.4629526
50.3618869,30.4644088
50.3645252,30.4636300
50.3643132,30.4634686
50.3617379,30.4650774
50.3650743,30.4624256
50.3627549,30.4641645
50.3632130,30.4617940
50.3636729,30.4620607
50.3629150,30.4612410
50.3607922,30.4645442
50.3656889,30.4602178
50.3620899,30.4659761
50.3616892,30.4646879
50.3670266,30.4602089
50.3669826,30.4598328
50.3617801,30.4654404
50.3631458,30.4654429
50.3637358,30.4624432
50.3670648,30.4587555
50.3630403,30.4646833
50.3659780,30.4607564
50.3609870,30.4642670
50.3647416,30.4615186
50.3626168,30.4666270
50.3646030,30.4639984
50.3650254,30.4620437
50.4492256,30.6116220
50.4062404,30.6253024
50.4102025,30.6145108
50.4061681,30.6220212
50.4050594,30.6280783
50.4095817,30.6186351
50.4035475,30.6167801
50.4040825,30.6287101
50.4106788,30.6149191
50.4031903,30.6164470
50.4063733,30.6174320
50.4060078,30.6242629
50.4063953,30.6268167
50.4066624,30.6185570
50.4028507,30.6161122
50.4049277,30.6227024
50.4070134,30.6244836
50.4056489,30.6220860
50.4052662,30.6189736
50.4050259,30.6164011
50.4097427,30.6140843
50.4065164,30.6226474
50.4047414,30.6173433
50.4045718,30.6284036
50.4044000,30.6159220
50.4057346,30.6201168
50.4060790,30.6163057
50.3787339,30.4497501
50.3788448,30.4508227
50.4107257,30.6168660
50.4101665,30.6177660
50.4556783,30.6322240
50.4562561,30.6318434
50.3781080,30.4547319
50.3789286,30.4562031
50.3904977,30.4844734
50.3777867,30.4540777
50.3767592,30.4539597
50.3782779,30.4564881
50.3908020,30.4862953
50.3785735,30.4555819
50.3915652,30.4943337
50.3774448,30.4550213
50.4504921,30.6755499
50.4505810,30.6771260
50.4510633,30.6749209
50.3792135,30.4482989
50.3797565,30.4475804
50.3812095,30.4456140
50.3799592,30.4487156
50.3808167,30.4481198
50.3807487,30.4470427
50.4579790,30.6309217
50.4582197,30.6300692
50.4585346,30.6305897
50.4013597,30.5158227
50.5023008,30.5085521
50.5012471,30.5084965
50.4517678,30.4895603
50.4062358,30.5022438
50.4068744,30.5035723
50.4065496,30.5031600
50.4071611,30.5013090
50.4562329,30.5960606
50.4609411,30.5925456
50.4588557,30.5929649
50.4567908,30.5954909
50.4592894,30.5925758
50.4562646,30.5951165
50.4571040,30.5945813
50.4561751,30.5975753
50.4580052,30.5946095
50.4411786,30.5028461
50.4761402,30.6363562
50.4756721,30.6325709
50.4768287,30.6291718
50.4770536,30.6299944
50.4605435,30.5173885
50.4205181,30.4700773
50.4878384,30.6292006
50.4879792,30.6281385
50.4789381,30.6323765
50.4061306,30.5078928
50.4608798,30.4218580
50.4733088,30.4373913
50.4728609,30.4388023
50.3920064,30.5001235
50.3913422,30.5007605
50.3907600,30.5000056
50.4773056,30.6351323
50.4776014,30.6361808
50.4763590,30.6174348
50.4756940,30.6171213
50.4759081,30.6182796
50.4710349,30.6138502
50.4713244,30.6127574
50.4709371,30.6127336
50.4708573,30.6116416
50.4683084,30.6199359
50.4675196,30.6193759
50.4607563,30.5152288
50.4596887,30.5157787
50.3895498,30.4966098
50.3897310,30.4974484
50.3811448,30.4895214
50.3820611,30.4900146
50.4574918,30.5192925
50.4566968,30.5203691
50.4555893,30.5188014
50.4572835,30.5173233
50.4571330,30.5162584
50.4568974,30.5173225
50.4560149,30.5162060
50.4556333,30.5168184
50.4556580,30.5160906
50.4556558,30.5155179
50.4555997,30.5149511
50.4556309,30.5145352
50.4555663,30.5141443
50.4556921,30.5138564
50.4558140,30.5135322
50.4558683,30.5128987
50.4554351,30.5115069
50.4558376,30.5113695
50.4559273,30.5119004
50.4626125,30.4334441
50.4553516,30.5101545
50.4553631,30.5094240
50.4553661,30.5082357
50.4552406,30.5146524
50.4544525,30.5161869
50.4596388,30.5163319
50.4547044,30.5134340
50.4544864,30.5118662
50.4540480,30.5124846
50.4543383,30.5130547
50.4541204,30.5117614
50.4552083,30.5126570
50.4550518,30.5133426
50.4551831,30.5120960
50.4550631,30.5108934
50.4549337,30.5112926
50.4547581,30.5104922
50.4543390,30.5109687
50.4544995,30.5111830
50.4550376,30.5104450
50.4550377,30.5099978
50.4830662,30.6036539
50.4815144,30.5999336
50.4814236,30.6023410
50.4269334,30.6509537
50.4550150,30.5006798
50.4552597,30.5023080
50.4547873,30.5013536
50.4577706,30.5064312
50.4575835,30.5063024
50.4576737,30.5070230
50.4349788,30.5165408
50.4350798,30.5132119
50.4346896,30.5132201
50.4352946,30.5147274
50.4478570,30.5904528
50.4485680,30.5894705
50.4482104,30.5899573
50.4479062,30.5889961
50.4584802,30.5176748
50.4591118,30.5171712
50.4633557,30.4388265
50.4525487,30.3780245
50.4523390,30.3735124
50.4206346,30.5535649
50.4580458,30.3794449
50.4585184,30.3797585
50.4535626,30.3737409
50.4534382,30.3727510
50.4605652,30.5914479
50.4597773,30.5915705
50.4593366,30.5955046
50.4601737,30.5955481
50.4800671,30.6023822
50.4800613,30.6018367
50.4803201,30.6051692
50.4833418,30.5943672
50.4823743,30.5933793
50.4829982,30.5931637
50.4282123,30.5149819
50.4777199,30.5926692
50.4353401,30.5064419
50.4856128,30.5935189
50.4857368,30.5944491
50.4858893,30.5953749
50.4257419,30.5440506
50.4396026,30.5208887
50.4400399,30.5198095
50.4402627,30.5197441
50.4399157,30.5199932
50.4604792,30.5112459
50.4617331,30.5093743
50.4606856,30.5109646
50.4454530,30.5233304
50.4459221,30.5229296
50.4451266,30.5221113
50.4432379,30.5229280
50.4429676,30.5224700
50.4441046,30.5217617
50.4433093,30.5222968
50.4445163,30.5228296
50.4477594,30.5229898
50.4472019,30.5255022
50.4478466,30.5245290
50.4513228,30.5210169
50.4511628,30.5213396
50.4561069,30.4986083
50.4556162,30.4979766
50.4561656,30.4981626
50.4561010,30.4977916
50.4552934,30.4975523
50.4549131,30.4977240
50.4625657,30.4784071
50.4641394,30.4752365
50.4638333,30.4759969
50.4654719,30.4741224
50.4675990,30.5104527
50.4677324,30.5102214
50.4674095,30.5106307
50.4274349,30.5288372
50.4276498,30.5293534
50.4270885,30.5285787
50.4511754,30.3732375
50.4605255,30.5244140
50.4662661,30.5024222
50.4244474,30.5137475
50.4272958,30.5100152
50.4720377,30.5044980
50.4522657,30.3843676
50.4531328,30.3875640
50.4643734,30.5137888
50.4075323,30.5291679
50.4575787,30.4869749
50.4576439,30.4879241
50.4571554,30.4889120
50.4573855,30.4883880
50.4572517,30.4886551
50.4562439,30.4878725
50.4560185,30.4889437
50.4558481,30.4885740
50.4554494,30.4892595
50.4558143,30.4901226
50.4557322,30.4898607
50.4023777,30.5148885
50.3711708,30.5450855
50.3772901,30.5391682
50.3772523,30.5380633
50.3776187,30.5376210
50.3781998,30.5351554
50.3786264,30.5345781
50.3826903,30.5314095
50.4741559,30.5154573
50.4745557,30.5141148
50.4744994,30.5152941
50.4747903,30.5148197
50.4750332,30.5131526
50.4750385,30.5125844
50.4741437,30.5094306
50.4741418,30.5100376
50.4747742,30.5100244
50.4720532,30.5089403
50.4727773,30.5080398
50.4717029,30.5084896
50.4730601,30.5084483
50.4730944,30.5091547
50.4732656,30.5087211
50.4724700,30.5096055
50.4736479,30.5089094
50.4733131,30.5095754
50.4727410,30.5100422
50.4736393,30.5100682
50.4737593,30.5094802
50.4733177,30.5101340
50.4729887,30.5101881
50.4733880,30.5107142
50.4722754,30.5119682
50.4670511,30.5101073
50.4683296,30.5070378
50.4688079,30.5075514
50.4689214,30.5083581
50.4678350,30.5081945
50.4690492,30.5088176
50.4698984,30.5100489
50.4707602,30.5086150
50.4714163,30.5059847
50.4712260,30.5076874
50.4722598,30.5109989
50.4724675,30.5105329
50.4650812,30.4290858
50.3991807,30.5198656
50.3989465,30.5216191
50.4003059,30.5205124
50.4371232,30.4817661
50.4264319,30.6408240
50.4255918,30.6421255
50.4251362,30.6435445
50.4274664,30.6676418
50.4262845,30.6669722
50.4262611,30.6676294
50.4259927,30.6655350
50.3921285,30.5037717
50.4246619,30.6592562
50.4249724,30.6860621
50.4249670,30.6837526
50.4252145,30.6846005
50.4484314,30.5120148
50.5251492,30.6108817
50.4498476,30.6249393
50.4810806,30.6069691
50.4823785,30.6059827
50.4827666,30.6069277
50.4841830,30.6054144
50.4834732,30.6051250
50.4842130,30.6063604
50.4838023,30.6063396
50.4849755,30.6065430
50.4851119,30.6075419
50.4852439,30.6084725
50.4853791,30.6094567
50.4867689,30.5985429
50.4825175,30.6695403
50.4800726,30.6683774
50.4800693,30.6689472
50.4534674,30.6774425
50.4545085,30.6800494
50.4527283,30.6802038
50.4537092,30.6792351
50.4526280,30.6823626
50.4522298,30.6865601
50.4517719,30.6860041
50.4525341,30.6835222
50.4526117,30.6845132
50.4529365,30.6860033
50.4512739,30.6810543
50.4518928,30.6819607
50.4178844,30.5496462
50.4183037,30.5503828
50.4168076,30.5494590
50.4163075,30.5498830
50.4559658,30.3745901
50.3920206,30.4967210
50.3902757,30.4972270
50.4516090,30.5145276
50.3996872,30.6184977
50.4007802,30.6181686
50.4368148,30.4065507
50.4021353,30.6161138
50.4024109,30.6164774
50.4002489,30.6286930
50.4005003,30.6306209
50.4011730,30.6302473
50.4013645,30.6312543
50.4020956,30.6245542
50.4037822,30.6246952
50.4043437,30.6243483
50.2985668,30.5776809
50.3002631,30.5731647
50.2991993,30.5740931
50.2993329,30.5748814
50.3010432,30.5734267
50.3006173,30.5726424
50.3003308,30.5749779
50.2993878,30.5767562
50.3010525,30.5724565
50.4451571,30.2782781
50.4449097,30.2793045
50.4448686,30.2805881
50.5269833,30.6209215
50.5262858,30.6208475
50.5254142,30.6189271
50.4455223,30.5025381
50.4457809,30.5023874
50.4865557,30.4651278
50.4844138,30.4621948
50.4843540,30.4615419
50.4663646,30.4732902
50.4662346,30.4742974
50.3846379,30.4598405
50.3834958,30.4592875
50.3840981,30.4588469
50.3838768,30.4605322
50.4395819,30.5140818
50.4578152,30.4906286
50.4576558,30.4902903
50.4232536,30.5154558
50.4709505,30.4725914
50.4489166,30.5036062
50.4489216,30.5012178
50.4481160,30.5021128
50.4481905,30.5037931
50.4487003,30.5008558
50.4485299,30.5028046
50.4489219,30.4994401
50.4492518,30.5009508
50.4485821,30.4994858
50.4490457,30.4988289
50.4247086,30.3802274
50.4252293,30.3811093
50.4702361,30.4693168
50.4693930,30.4688269
50.4697697,30.4687986
50.4732619,30.4719159
50.4727297,30.4722699
50.4384129,30.5458360
50.3377061,30.4785535
50.3895320,30.5300541
50.3898699,30.5284934
50.3809460,30.4999643
50.4393785,30.4668209
50.4340158,30.4591313
50.4478558,30.4989355
50.4476194,30.4979990
50.4500817,30.5010126
50.4521538,30.5081310
50.4516640,30.5071972
50.4516658,30.5015816
50.4512651,30.5050552
50.4528140,30.5035258
50.4509963,30.5041036
50.4514908,30.5067119
50.4517718,30.5064969
50.4520455,30.5059502
50.4517889,30.5058623
50.4521664,30.5064106
50.4505371,30.5023414
50.4507314,30.5027263
50.4506033,30.5035067
50.4502916,30.5026043
50.4506604,30.5038964
50.4522431,30.5069554
50.4522024,30.5074865
50.4523072,30.5052201
50.4533377,30.5082113
50.4532342,30.5039468
50.4526027,30.5085913
50.4527770,30.5091291
50.4523651,30.5086205
50.4017914,30.6169503
50.3900218,30.5603690
50.4561932,30.3776344
50.4828589,30.5104754
50.4153199,30.4471555
50.4151746,30.4418463
50.4154429,30.4409686
50.3933672,30.4935554
50.3934321,30.4930321
50.4554643,30.4839017
50.4552325,30.4841646
50.4548552,30.4843640
50.4539497,30.4835968
50.4504255,30.4674012
50.4604279,30.4258251
50.4601755,30.4249266
50.4597615,30.4235847
50.4593649,30.4218305
50.3668544,30.5429982
50.3835250,30.4517357
50.4472379,30.6696990
50.3781020,30.7059252
50.3897259,30.6936399
50.3887781,30.6925856
50.4511818,30.3762970
50.4366252,30.4794183
50.4371383,30.4802684
50.4326138,30.4749974
50.4370126,30.4809200
50.4368397,30.4799699
50.4361184,30.4788798
50.4589960,30.3794055
50.4522431,30.3696953
50.4490217,30.4903934
50.4506542,30.4886264
50.4485552,30.4908740
50.4520591,30.4863186
50.4523825,30.4863670
50.4520502,30.4859643
50.4179485,30.5191589
50.4486051,30.4920274
50.4493436,30.4908369
50.4499376,30.4908618
50.4497937,30.4902783
50.4501339,30.4906484
50.4502880,30.4904644
50.4518612,30.4884206
50.4507613,30.4898478
50.4508431,30.4889864
50.4490256,30.4919997
50.4515344,30.4890831
50.4517133,30.4890112
50.4511602,30.4900201
50.4512851,30.4902613
50.4516389,30.4903500
50.4473666,30.4868423
50.4514866,30.4896696
50.4519183,30.4901956
50.4520425,30.4894160
50.4530187,30.4889863
50.4546571,30.4885028
50.4549748,30.4885364
50.4494411,30.4914562
50.4524191,30.4900930
50.4521319,30.4907957
50.4553360,30.4858131
50.4560699,30.4848091
50.4574973,30.4853981
50.4535348,30.4931061
50.4566402,30.4847159
50.4578163,30.4851303
50.4523509,30.4857632
50.4551728,30.4844544
50.4520842,30.4679603
50.4592814,30.3799361
50.4497919,30.4942262
50.4500515,30.4938164
50.4501809,30.4926695
50.4506826,30.4931452
50.4508389,30.4929012
50.4513861,30.4931238
50.4536676,30.4907049
50.4538565,30.4905508
50.4542273,30.4904030
50.4539292,30.4895549
50.4543118,30.4897714
50.4477521,30.4963999
50.4553625,30.4901143
50.4550603,30.4894511
50.4487327,30.4976442
50.4484480,30.4972592
50.4485701,30.4964085
50.4482579,30.4967144
50.4481280,30.4964355
50.4479946,30.4961152
50.4500264,30.4950932
50.4509793,30.4942476
50.4522815,30.4916185
50.4428346,30.6248047
50.4167215,30.5228751
50.4577312,30.4771550
50.4569363,30.4746209
50.4566835,30.4740538
50.4578767,30.4737235
50.4300446,30.3966419
50.3793264,30.7046830
50.3790308,30.7040527
50.3839199,30.6968416
50.3831921,30.6979616
50.3833077,30.6990815
50.3849131,30.6953448
50.3849679,30.6967157
50.3873593,30.6910114
50.4496491,30.4974881
50.4498131,30.4973103
50.4509846,30.4951529
50.4490303,30.4981528
50.4522860,30.4948009
50.4526654,30.4950823
50.4528436,30.4948542
50.4491671,30.4980106
50.4547907,30.4938429
50.4551101,30.4935426
50.4555529,30.4947011
50.4490704,30.4975127
50.4493250,30.4978256
50.4492100,30.4984670
50.4489225,30.4983961
50.4560730,30.4954477
50.4579134,30.4840380
50.4574393,30.4835129
50.4575470,30.4828636
50.4585907,30.4842953
50.4531318,30.3753145
50.4379189,30.5015054
50.4393746,30.4218281
50.4279499,30.3952741
50.4465076,30.6716584
50.4468743,30.6723079
50.4212670,30.6571554
50.4433065,30.5276038
50.4432633,30.5266142
50.4430992,30.5278535
50.4434640,30.5271569
50.4535493,30.5027003
50.4524681,30.5019029
50.4538553,30.5034299
50.4536846,30.5030329
50.4468390,30.5030017
50.4690168,30.5069291
50.4691697,30.5066177
50.4690873,30.5063167
50.4691266,30.5027102
50.4690976,30.5031658
50.4688405,30.5032354
50.4681099,30.5013047
50.4704337,30.5026458
50.4710470,30.5027670
50.4708086,30.5004757
50.4162868,30.4614680
50.4157803,30.4635345
50.4158604,30.4641980
50.4164491,30.4637727
50.4162434,30.4601258
50.4163541,30.4583109
50.4168700,30.4606245
50.4265189,30.6033249
50.4536240,30.5099643
50.4532390,30.5098486
50.4530203,30.5095249
50.4538834,30.5114950
50.4518300,30.5071782
50.4519302,30.5069332
50.4531206,30.5102365
50.4525218,30.5088498
50.4513501,30.5062432
50.4516071,30.5060303
50.4515016,30.5056994
50.4497535,30.5006312
50.4539955,30.5108643
50.4535578,30.5090013
50.4531767,30.5093464
50.4533664,30.5091817
50.4465881,30.4960234
50.4177236,30.4642882
50.4432859,30.5165067
50.4426993,30.5158961
50.4424719,30.5158061
50.4459499,30.4951637
50.4459578,30.4998025
50.4463582,30.4995816
50.4460835,30.4991519
50.4464066,30.4992758
50.4135492,30.6122453
50.4512875,30.5173325
50.4009773,30.5129918
50.4003773,30.5120655
50.4141232,30.4313186
50.4129334,30.4298177
50.4135463,30.4300889
50.4189879,30.4329571
50.4132620,30.4306577
50.4143164,30.4306447
50.4194387,30.4339860
50.4187820,30.4339366
50.4192951,30.4350366
50.4191595,30.4355320
50.3825145,30.4833542
50.3863614,30.4589436
50.3853002,30.4636891
50.3870521,30.4569385
50.3820551,30.4469657
50.3863968,30.4608238
50.3960122,30.5007293
50.3957366,30.5006735
50.4628227,30.6165028
50.4649624,30.6203478
50.4646315,30.6203369
50.3867343,30.4598593
50.3856813,30.4627893
50.3873141,30.4606902
50.3871064,30.4614844
50.4000904,30.5142150
50.4477660,30.6736770
50.4491836,30.6725341
50.4468395,30.6710827
50.4482098,30.6717005
50.4500137,30.6733645
50.4482639,30.6738108
50.4474135,30.6707643
50.4500503,30.6742953
50.4482678,30.6728824
50.4487343,30.6750129
50.4496704,30.6752114
50.4472788,30.6730969
50.4485769,30.6720954
50.4486399,30.6728712
50.4492556,30.6756187
50.4481811,30.6745246
50.4471729,30.6716940
50.4473115,30.6723858
50.5228417,30.6128129
50.5226273,30.6161614
50.5219330,30.6164343
50.4499527,30.4584599
50.4031916,30.6250616
50.3760851,30.5409038
50.3616666,30.5595308
50.3613510,30.5588780
50.4471203,30.5033106
50.4456021,30.5114754
50.4463982,30.5144057
50.4465659,30.5146235
50.4461203,30.5095941
50.4467087,30.5112279
50.4470843,30.5103517
50.4468440,30.5099797
50.4471632,30.5100957
50.4473832,30.5025999
50.4476794,30.4988607
50.4480765,30.5030090
50.4483224,30.5009909
50.4340233,30.4842351
50.4143627,30.4654027
50.4015262,30.5117764
50.4497810,30.6761159
50.5222933,30.6133871
50.3934863,30.4794907
50.3914100,30.4860830
50.5050490,30.4856949
50.5055760,30.4860457
50.5057093,30.4873623
50.5058458,30.4883127
50.5063114,30.4872778
50.5129871,30.4964395
50.5135282,30.4973123
50.5139633,30.4956811
50.4501180,30.5103638
50.4487088,30.5103697
50.4485326,30.5102702
50.4481528,30.5107997
50.4464995,30.5071214
50.4456433,30.5090999
50.4488956,30.5114032
50.4485649,30.5111952
50.5144872,30.4610714
50.5225040,30.4605895
50.5253761,30.4585770
50.5246272,30.4597159
50.4708376,30.5067295
50.4698103,30.5041070
50.4704515,30.5046654
50.4699746,30.5054070
50.4669949,30.5127314
50.4671971,30.5118075
50.4662712,30.5118022
50.4658461,30.5110214
50.4669168,30.5109204
50.4680142,30.5124021
50.4679344,30.5131557
50.4591614,30.4974806
50.4587307,30.5006927
50.4577498,30.5019783
50.4568083,30.4975654
50.4565384,30.4984662
50.4568252,30.4979010
50.4574449,30.4959500
50.4577465,30.4962924
50.4569212,30.4962910
50.3882274,30.4589348
50.4574496,30.4952186
50.4566725,30.4940440
50.4580186,30.4946056
50.4565671,30.4947124
50.4564950,30.4928740
50.4566131,30.4920792
50.4563443,30.4917481
50.4611151,30.4930534
50.4612068,30.5100910
50.4600431,30.5110585
50.4598737,30.5115953
50.4594489,30.5125071
50.4599857,30.5113894
50.4589529,30.5128241
50.4591395,30.5129112
50.4593130,30.5127642
50.4596813,30.5112787
50.4582649,30.5129368
50.4590117,30.5139120
50.4581667,30.5133830
50.4585966,30.5132313
50.4580373,30.5134282
50.4587699,30.5132280
50.4589929,30.5134560
50.4593123,30.5138077
50.4602208,30.5117231
50.4591801,30.5150421
50.4593259,30.5141299
50.4563643,30.4906199
50.4579531,30.4953978
50.4565521,30.4908856
50.4568807,30.4953985
50.4601195,30.5097427
50.4603067,30.5096780
50.4608462,30.5090573
50.4606493,30.5087483
50.4604114,30.5089363
50.4608880,30.5098258
50.4608154,30.5100612
50.4606371,30.5101913
50.4613959,30.5089721
50.4754451,30.5028692
50.4432120,30.4980913
50.4434057,30.4977365
50.4447867,30.4967463
50.4431011,30.5000050
50.4432591,30.4998359
50.4418849,30.5007685
50.4434037,30.4996110
50.4416933,30.5002585
50.4435699,30.4994577
50.4437356,30.4993128
50.4438755,30.4991562
50.4440532,30.4990276
50.4424710,30.5006772
50.4438994,30.4980206
50.4426307,30.5005219
50.4415424,30.4998484
50.4427720,30.5003099
50.4417403,30.4995712
50.4419848,30.4992910
50.4429284,30.4982800
50.4416043,30.4988505
50.4569355,30.4997506
50.4570729,30.5000464
50.4574435,30.5015097
50.4418682,30.4984916
50.4423326,30.4979669
50.4426242,30.4977045
50.4428066,30.4975326
50.4429334,30.4973195
50.4433977,30.4968612
50.4417675,30.4971801
50.4417626,30.4966195
50.4422774,30.4967237
50.4418675,30.4977200
50.4425500,30.4968692
50.4426336,30.4971537
50.4430257,30.4966742
50.4423812,30.4974884
50.4403115,30.5003757
50.4404348,30.5001265
50.4392368,30.5016905
50.4389170,30.5010865
50.4392658,30.5012070
50.4396915,30.4989017
50.4401513,30.5005567
50.4406161,30.5016391
50.4608758,30.5003708
50.4585630,30.5002714
50.4414395,30.5015682
50.4414684,30.5011029
50.4413544,30.5007923
50.4377585,30.5026404
50.4361980,30.5061174
50.4359028,30.5058809
50.4360080,30.5036301
50.4365113,30.5034377
50.4347972,30.5033503
50.4343659,30.5045438
50.4339579,30.5052750
50.4338817,30.5076165
50.4342051,30.5061465
50.4356521,30.5191612
50.4401122,30.5220763
50.4409552,30.5176615
50.4404937,30.5211172
50.4403256,30.5218041
50.4397850,30.5213022
50.4636119,30.4976377
50.4585306,30.4899878
50.4586412,30.4892269
50.4583755,30.4966750
50.4574715,30.4972430
50.4547388,30.5082782
50.4542725,30.5087457
50.4542737,30.5092866
50.4514699,30.5115855
50.4519689,30.5112495
50.4542408,30.5077607
50.4516094,30.5133252
50.4514825,30.5136089
50.4513254,30.5122937
50.4520146,30.5102519
50.4515940,30.5108283
50.4522794,30.5108317
50.4512817,30.5134654
50.4530860,30.5009527
50.4262112,30.4468294
50.4261793,30.4456748
50.4264662,30.4451312
50.4285705,30.4509267
50.4282155,30.4505514
50.4279988,30.4519475
50.4279867,30.4512540
50.4974566,30.5828762
50.4167654,30.6335061
50.4158674,30.6345046
50.4272148,30.4997476
50.4287588,30.5015413
50.4241093,30.5127556
50.4188392,30.4934038
50.4369221,30.4783216
50.4394108,30.4817020
50.4377131,30.4799079
50.4320386,30.4670116
50.4319179,30.4630785
50.4247927,30.4787075
50.4204114,30.4687235
50.4243568,30.4724685
50.4193693,30.4571093
50.4227853,30.4631077
50.4213107,30.4632882
50.4233475,30.4637514
50.4223135,30.4625335
50.4211051,30.4658498
50.4212816,30.4645965
50.4207703,30.4653169
50.4218411,30.4620213
50.4230147,30.4523953
50.4269976,30.4500460
50.4670993,30.5121931
50.3998184,30.5182775
50.4045094,30.5207057
50.4002724,30.5161769
50.4123720,30.4977973
50.4027661,30.5017449
50.3984108,30.4979666
50.3895170,30.4651286
50.3889448,30.4634785
50.3840127,30.4501418
50.3839842,30.4509791
50.3854144,30.4496403
50.3887856,30.4647647
50.3841549,30.4527110
50.3845030,30.4511344
50.3884054,30.4638006
50.4108868,30.5052145
50.4126133,30.5004091
50.4487282,30.5192506
50.4497573,30.5120528
50.4506351,30.5114440
50.4504987,30.5121316
50.4504151,30.5126319
50.4506705,30.5109144
50.4509563,30.5112622
50.4520028,30.5092144
50.4521231,30.5095528
50.4493954,30.5132644
50.4501956,30.5107261
50.4508400,30.5129634
50.4306522,30.5164532
50.4484415,30.6701785
50.4502499,30.6720833
50.4498359,30.6723695
50.4508813,30.6733944
50.4498170,30.6716340
50.4517079,30.6735554
50.4506571,30.6740108
50.4503165,30.6748616
50.4511103,30.6729324
50.4480497,30.6705582
50.4499742,30.6757112
50.4504838,30.6744321
50.4501430,30.6752834
50.4506740,30.6725217
50.3915755,30.5026958
50.3927655,30.4913219
50.3908205,30.5009472
50.3912967,30.5019109
50.3902294,30.4993134
50.3905999,30.4800632
50.4709063,30.3297260
50.4442959,30.3629833
50.4441019,30.3617245
50.4442277,30.3622623
50.4530794,30.5115359
50.4518614,30.5115486
50.4516278,30.5102658
50.4510164,30.5132207
50.4840040,30.4520154
50.4707065,30.4636736
50.4708062,30.4627742
50.4709184,30.4620549
50.4120194,30.5495052
50.4125085,30.5494158
50.4670304,30.4440470
50.4619488,30.4463581
50.4615351,30.4486794
50.4618832,30.4479388
50.4610185,30.4499035
50.4604132,30.4479819
50.4428658,30.4999922
50.4453089,30.5049450
50.4414745,30.4980974
50.5130386,30.4457423
50.3652972,30.4533426
50.3670815,30.4561170
50.3665194,30.4552752
50.3651055,30.4544760
50.3657937,30.4555831
50.3668984,30.4572698
50.4617696,30.5252818
50.4688663,30.5176214
50.4666176,30.5220778
50.4710913,30.5035945
50.3755056,30.5418591
50.5096638,30.4868506
50.4764811,30.5316980
50.4769242,30.5315094
50.4768786,30.5308007
50.4767552,30.5293341
50.4756224,30.5303130
50.4754618,30.5296266
50.4769629,30.5321127
50.4768036,30.5298779
50.4770877,30.5325972
50.4778335,30.5324404
50.4764134,30.5308532
50.4470725,30.5287237
50.4814658,30.5110255
50.4755527,30.4885705
50.4277307,30.5426497
50.4271979,30.5421238
50.4327140,30.5338324
50.4295105,30.5227861
50.4330615,30.5143563
50.4333695,30.5141706
50.4315305,30.5150533
50.5132533,30.4442108
50.5131256,30.4449095
50.4345584,30.6358497
50.4355275,30.6359117
50.4022059,30.5102788
50.4277378,30.5460469
50.5143929,30.4974021
50.5037596,30.4999941
50.4352909,30.5131439
50.4352311,30.5071102
50.4354232,30.5125229
50.4353519,30.5118062
50.4268203,30.5137239
50.4353428,30.5080525
50.4346194,30.5091298
50.4357306,30.5076712
50.4368485,30.5105409
50.4368721,30.5101278
50.4370921,30.5089331
50.4718529,30.4858809
50.4726172,30.4862691
50.4745421,30.4825794
50.4705616,30.4805224
50.4723692,30.4762629
50.4746234,30.4799126
50.4746036,30.4788679
50.4750185,30.4810729
50.4754300,30.4822648
50.4661794,30.4769536
50.4665121,30.4759756
50.4866451,30.4612559
50.4827418,30.4578381
50.4837201,30.4595063
50.4833890,30.4570439
50.4905409,30.4659249
50.4915069,30.4687204
50.4402724,30.5150740
50.5086654,30.5086202
50.5073701,30.5126472
50.5083013,30.5128626
50.5071591,30.5114513
50.5052160,30.5117435
50.5079169,30.5107274
50.4984942,30.5198398
50.4979465,30.5208255
50.4466730,30.5176223
50.4464962,30.5175238
50.4471025,30.5113523
50.4476286,30.5154862
50.4950867,30.5218387
50.4974351,30.5196180
50.4920448,30.5244896
50.4917410,30.5241543
50.4994262,30.5177544
50.5005055,30.5177157
50.4081829,30.6225909
50.4033892,30.6269599
50.3947617,30.6263450
50.3921022,30.6264297
50.3932973,30.6131431
50.3939923,30.6266783
50.4101278,30.6130249
50.4111412,30.6139007
50.4106505,30.6134255
50.4096002,30.6125246
50.4108468,30.6190010
50.4074693,30.6211878
50.4080477,30.6212108
50.4114665,30.6167040
50.4022930,30.6141744
50.4028481,30.6141436
50.4014427,30.6184079
50.5048316,30.4476156
50.3707861,30.4555357
50.3700668,30.4558441
50.3697638,30.4551521
50.3707932,30.4547106
50.3703705,30.4541116
50.3849058,30.4702805
50.4061203,30.6317174
50.3906077,30.6231539
50.3887259,30.6238058
50.3909391,30.6239177
50.3912523,30.6255829
50.3819468,30.4451282
50.3827272,30.4452019
50.3845812,30.4586788
50.3830192,30.4485732
50.3819375,30.4460779
50.3829223,30.4461910
50.3839339,30.4476972
50.3830279,30.4474510
50.3839904,30.4488937
50.3844234,30.4481992
50.3834171,30.4466886
50.3937257,30.6184575
50.3916179,30.6236445
50.3921246,30.6233256
50.3925433,30.6225620
50.4575012,30.5972250
50.4594687,30.5940390
50.4569263,30.5983556
50.4609998,30.5939172
50.4580155,30.5923736
50.4552659,30.5901274
50.4553822,30.5880489
50.4571979,30.5899863
50.4560903,30.5893277
50.4557870,30.5906768
50.4561622,30.5912768
50.4554463,30.5886537
50.4591064,30.5883380
50.4592491,30.5867363
50.4592784,30.5894524
50.4561486,30.5861585
50.4482377,30.6127663
50.4478971,30.6126867
50.4582453,30.5863655
50.4584795,30.5856261
50.4546646,30.5931475
50.4567440,30.5879242
50.4570265,30.5886268
50.4564364,30.5870847
50.4679718,30.6024430
50.4680823,30.6016456
50.4671135,30.6031785
50.4676250,30.6036930
50.4664287,30.6001031
50.4648235,30.6112761
50.4654510,30.6116044
50.4651036,30.6110515
50.4702982,30.6027007
50.4650090,30.6092684
50.4716822,30.5995020
50.4707976,30.5992690
50.4711817,30.5987299
50.4485267,30.6120669
50.4504555,30.6118641
50.4509981,30.6117675
50.4938680,30.4233556
50.4936432,30.4221686
50.4922706,30.4234779
50.4937450,30.4251054
50.4933290,30.4238554
50.4796845,30.4173667
50.4798178,30.4207443
50.4797220,30.4200264
50.4797462,30.4154489
50.4795194,30.4141463
50.4798344,30.4191219
50.3852482,30.4616883
50.4572947,30.4331131
50.4580451,30.4294494
50.4577607,30.4281566
50.4577984,30.4296152
50.4589466,30.4303449
50.4676107,30.4313730
50.4681662,30.4318086
50.4689109,30.4313518
50.4693687,30.4323214
50.4643079,30.4384228
50.4680338,30.4305960
50.4569945,30.4372922
50.4677386,30.4322747
50.4690350,30.4338232
50.4687792,30.4331144
50.4693762,30.4310364
50.4617087,30.4521039
50.4591145,30.4758260
50.4590389,30.4766009
50.4589537,30.4775242
50.4526254,30.4458842
50.4524222,30.4471114
50.4496454,30.4212827
50.4450324,30.4164154
50.4405318,30.4209533
50.4655683,30.4049974
50.4622212,30.4065485
50.4706415,30.4065335
50.4640151,30.4078393
50.4640314,30.4086791
50.4650456,30.4146652
50.4715995,30.4065418
50.4798763,30.4217068
50.4611619,30.3813199
50.4607915,30.3815126
50.4609499,30.3824180
50.4615431,30.3814143
50.4615174,30.3823026
50.4604900,30.3819435
50.4554258,30.4475040
50.4592277,30.4505160
50.4677200,30.4227091
50.4709874,30.4231468
50.4576471,30.3852806
50.4555335,30.3867994
50.4582633,30.3854901
50.4508487,30.3983620
50.4581346,30.3838638
50.4575595,30.3839951
50.4732655,30.3627062
50.4733850,30.3618247
50.4456653,30.4566484
50.4454334,30.4559637
50.4417447,30.4449136
50.4436530,30.4369610
50.4438409,30.4378152
50.4434632,30.4360842
50.4440665,30.4484790
50.4409136,30.4373451
50.4425215,30.4278197
50.4417463,30.4272048
50.4311729,30.4270197
50.4289218,30.4319294
50.4312843,30.4326339
50.4294900,30.4317695
50.4314887,30.4335716
50.4318586,30.4329191
50.4286499,30.4315623
50.4292079,30.4312301
50.4303067,30.4319838
50.4323299,30.4338774
50.4288449,30.4309948
50.4323993,30.4332715
50.4319967,30.4338453
50.4178196,30.6804473
50.4400731,30.4402779
50.4457299,30.4332903
50.4454222,30.4332195
50.4359431,30.4646248
50.4352743,30.4651384
50.4359586,30.4658143
50.4362603,30.4713301
50.4308240,30.4861137
50.4314178,30.4924520
50.4399480,30.4697306
50.4388257,30.4782423
50.4253662,30.4668911
50.4701846,30.4705104
50.4217893,30.4250750
50.4210947,30.4248966
50.4204632,30.4297968
50.4212029,30.4243048
50.4240305,30.4311731
50.4205811,30.4332531
50.4207628,30.4325712
50.4209375,30.4319019
50.4204656,30.4323590
50.4219652,30.4312482
50.4200945,30.4337838
50.4198243,30.4315164
50.4199653,30.4327232
50.4199797,30.4308955
50.4196625,30.4321763
50.4201265,30.4302711
50.4201252,30.4320940
50.4203970,30.4309863
50.4210761,30.4356061
50.4197395,30.4334702
50.4200022,30.4347039
50.4365107,30.4607433
50.4150712,30.4322446
50.4153268,30.4314018
50.4223215,30.4369781
50.4136143,30.4310758
50.4188862,30.4231361
50.4181916,30.4238636
50.4190868,30.4242778
50.4181389,30.4224096
50.4194581,30.4237478
50.4173388,30.4231615
50.4180296,30.4231333
50.4169644,30.4236887
50.4227390,30.4407822
50.4213882,30.4546776
50.4141712,30.4684675
50.4140885,30.4672727
50.4131658,30.4668456
50.4138079,30.4683965
50.4267914,30.4580764
50.4179933,30.4762265
50.4111057,30.4848753
50.4128932,30.4760674
50.4119963,30.6243189
50.4168924,30.4838003
50.4166764,30.4858687
50.4122046,30.4968175
50.4122551,30.4961654
50.4123357,30.4954837
50.4124818,30.4969183
50.4125761,30.4962216
50.4181630,30.4903090
50.4179419,30.4906417
50.4115755,30.5012373
50.4345344,30.5369115
50.4180430,30.4813757
50.4189535,30.4795569
50.4196485,30.4779928
50.4159297,30.4739566
50.4210359,30.4745319
50.4251524,30.4652777
50.4293874,30.5157096
50.4291171,30.5155373
50.4288714,30.5151973
50.4250354,30.5125769
50.4247302,30.5121858
50.4236117,30.5167270
50.4367439,30.4999262
50.4189956,30.5255816
50.4261545,30.5204179
50.4076524,30.6133530
50.4300279,30.4872133
50.4183691,30.4877290
50.4304913,30.5004580
50.4294558,30.5012296
50.4296273,30.5006835
50.4050038,30.5019639
50.4050253,30.5022716
50.4003055,30.4969304
50.4041230,30.5121209
50.4017924,30.6142355
50.4441549,30.6277809
50.4438952,30.6288958
50.4484403,30.6124852
50.3926410,30.5223660
50.4564648,30.6260898
50.4562400,30.6265391
50.3955964,30.5305971
50.5140542,30.4417069
50.3971957,30.5307044
50.3951541,30.5373911
50.4001866,30.5402142
50.3881009,30.5270515
50.3813696,30.5324357
50.3778986,30.5345472
50.3768447,30.5366578
50.3766924,30.5373062
50.3753172,30.5394268
50.4692892,30.4669255
50.5136500,30.4403664
50.5140993,30.4399401
50.5137931,30.4396681
50.5141291,30.4409666
50.5134947,30.4409339
50.4334473,30.5420624
50.4315268,30.5483206
50.4307509,30.5400807
50.4309647,30.5404100
50.4311422,30.5410545
50.4412094,30.5150524
50.4417534,30.5156763
50.4409813,30.6400701
50.4405381,30.6439496
50.4403443,30.6429353
50.4405333,30.6420499
50.4407992,30.6429316
50.4453927,30.5310826
50.4453332,30.5319911
50.4434196,30.5239000
50.4448464,30.5236894
50.4429358,30.5239147
50.4433171,30.5256332
50.4408187,30.5238327
50.4432362,30.5242701
50.4397247,30.5250504
50.4428389,30.5254362
50.4428213,30.5251600
50.4439443,30.5237861
50.4429583,30.5273977
50.4429047,30.5270177
50.4429426,30.5264547
50.4428421,30.5267055
50.4408312,30.5244351
50.4346789,30.5313327
50.4341496,30.5316623
50.4368721,30.5297628
50.4417639,30.5344501
50.4362828,30.4828965
50.5340165,30.6019928
50.5341588,30.5985973
50.5338335,30.6049232
50.5343642,30.6041786
50.5335566,30.5992920
50.5345130,30.6014196
50.4746042,30.4434625
50.4742876,30.4437828
50.4744761,30.4442950
50.4234468,30.5175779
50.4250046,30.5328213
50.4271501,30.5305537
50.4220387,30.5320792
50.4245073,30.5447181
50.4242471,30.5439459
50.4285576,30.5509751
50.4268212,30.5575897
50.4295188,30.5511395
50.4271665,30.5594308
50.4298517,30.5521764
50.4202214,30.5535750
50.4056011,30.5562546
50.4612664,30.4346066
50.4118734,30.5456412
50.4098121,30.5568921
50.4118736,30.5467332
50.4126936,30.5468560
50.4100931,30.5465508
50.4110144,30.5467127
50.4113658,30.5539609
50.4111320,30.5522605
50.4127120,30.5456263
50.4594339,30.5145468
50.4581373,30.5136835
50.4586728,30.5134964
50.4589813,30.5145483
50.4585433,30.3827048
50.4586029,30.3837298
50.4586328,30.3846338
50.4586619,30.3820648
50.4589380,30.3857811
50.4592433,30.3835579
50.4588957,30.3851834
50.4565129,30.3848186
50.4214153,30.6827428
50.4060167,30.5410566
50.4117035,30.5445622
50.4667656,30.5165470
50.4370738,30.5132757
50.4370917,30.5127906
50.4364705,30.5131686
50.4373227,30.5126542
50.4517480,30.5178405
50.4504458,30.5179433
50.4593244,30.4966034
50.4536254,30.5195202
50.4538172,30.5193424
50.4533208,30.5192943
50.4539257,30.5203888
50.4531644,30.5226391
50.4288164,30.6644607
50.4449747,30.5250610
50.4433530,30.5181417
50.4551727,30.6224311
50.4423452,30.5391003
50.4257848,30.4481500
50.4255242,30.4915477
50.4230953,30.4925799
50.4417868,30.5179833
50.4419355,30.5176795
50.4472882,30.5356344
50.4265003,30.5431373
50.4248922,30.4716181
50.4186107,30.5333890
50.4154406,30.5341216
50.4041596,30.6736433
50.4251834,30.4725222
50.4096420,30.5360405
50.4105030,30.5389313
50.4346238,30.4433803
50.4349604,30.4421473
50.3586236,30.4713448
50.4790122,30.4462575
50.5265365,30.5978775
50.4772932,30.4415344
50.4760156,30.4362006
50.4690892,30.5160876
50.4692280,30.5158660
50.4693283,30.5149818
50.4750590,30.5092439
50.4617893,30.5175822
50.4714469,30.5053712
50.4907070,30.5281445
50.5167191,30.6000836
50.5176254,30.6002526
50.5180730,30.5969980
50.5177065,30.5978305
50.5183306,30.5987378
50.5174967,30.5988107
50.5187218,30.5957906
50.5180218,30.5996447
50.5189859,30.5974014
50.5184670,30.5965673
50.5171014,30.5992550
50.5185931,30.5979978
50.5173795,30.6010032
50.5193270,30.5964468
50.4440780,30.5359887
50.4654549,30.4752502
50.4672641,30.4708457
50.4672604,30.4701535
50.4674856,30.4704292
50.4682365,30.4780912
50.4682362,30.4786321
50.4672323,30.4752642
50.4620928,30.4941895
50.4620845,30.4929628
50.4566551,30.4609689
50.4588766,30.3713895
50.4457464,30.4277514
50.4595697,30.3826466
50.4598010,30.3817234
50.4599531,30.3826042
50.4601627,30.3819857
50.4602848,30.3795644
50.4602779,30.3801414
50.4591244,30.3811605
50.4594965,30.3811826
50.4598539,30.3725783
50.4581419,30.3626788
50.4447124,30.5164644
50.4588232,30.3698487
50.4597715,30.3676343
50.4488642,30.5162226
50.4548900,30.3618365
50.4545413,30.3607436
50.4505208,30.4897050
50.4615424,30.4933249
50.4501184,30.5294601
50.4508512,30.5281959
50.4457623,30.5356130
50.4478249,30.5265435
50.4642494,30.4180639
50.4373710,30.5452121
50.4378267,30.5374333
50.4381178,30.5368637
50.4418795,30.5267653
50.4424068,30.5304573
50.4407546,30.5494041
50.4401417,30.5486000
50.4342584,30.5457431
50.4331751,30.5446753
50.4332297,30.5431696
50.4335119,30.5413558
50.4338466,30.5410357
50.4332780,30.5427277
50.4336025,30.5409909
50.4270976,30.5363821
50.4288345,30.5510542
50.4196051,30.5396734
50.4303497,30.5174611
50.4327713,30.5139333
50.4337357,30.5154031
50.4330027,30.5157242
50.4337362,30.5150087
50.4335969,30.5130487
50.4358210,30.5069608
50.4358558,30.5066658
50.4336827,30.5081120
50.4335066,30.5080406
50.4338956,30.5080793
50.4383472,30.5131234
50.4381427,30.5133263
50.4375413,30.5104196
50.4385571,30.5132161
50.4365726,30.5099367
50.4361831,30.5098311
50.4372376,30.5107628
50.4365310,30.5105015
50.4366392,30.5109483
50.4349274,30.5110081
50.4347249,30.5127481
50.4347205,30.5123835
50.4350528,30.5121374
50.4192149,30.4881079
50.4188660,30.4883071
50.4186548,30.4889462
50.4354448,30.5128704
50.4357226,30.5128257
50.4423788,30.5000792
50.4421057,30.4998661
50.4444568,30.4967027
50.4609616,30.4478250
50.4779686,30.4333145
50.4432223,30.6057748
50.4463588,30.6013710
50.5158712,30.5933036
50.5153076,30.5999647
50.5151590,30.6011061
50.5147071,30.6003654
50.5297844,30.5933321
50.5283836,30.5946830
50.5272738,30.5964010
50.5277995,30.5954537
50.5302215,30.5937829
50.5296206,30.5990445
50.5286141,30.6003602
50.5311985,30.5977684
50.5309853,30.5955319
50.5296048,30.5969763
50.5299543,30.5952872
50.5307353,30.5966668
50.5092918,30.5926037
50.5147482,30.6069065
50.5136436,30.6036669
50.5146757,30.6044139
50.5141006,30.6037399
50.5092869,30.5992016
50.5109104,30.5984603
50.5203208,30.5972633
50.4347186,30.5165672
50.4340301,30.4731156
50.4328201,30.4733956
50.4403657,30.4719289
50.4479710,30.4499145
50.4373674,30.5342536
50.4559543,30.3768929
50.4746215,30.4367195
50.4743588,30.4387122
50.4745538,30.4380898
50.4575583,30.3718637
50.3504810,30.4762086
50.3692013,30.4500508
50.4716127,30.4216051
50.4405843,30.5236268
50.4747050,30.4775686
50.3669689,30.4568770
50.3670237,30.4565101
50.3660440,30.4554608
50.3651655,30.4540971
50.3652244,30.4537527
50.4407790,30.5247535
50.4405759,30.5248809
50.4595421,30.5097713
50.5202047,30.4640505
50.4676598,30.4855331
50.4566867,30.5906243
50.4594891,30.5834546
50.4600382,30.5809569
50.3867561,30.4709004
50.3860627,30.4702354
50.3867567,30.4699890
50.5193328,30.4596402
50.4179461,30.4918889
50.4185986,30.4850472
50.4143396,30.4723584
50.3635265,30.5589496
50.5165782,30.4493314
50.5144042,30.4290252
50.3650060,30.4529035
50.3647257,30.4524845
50.5286046,30.3650877
50.5285070,30.3666352
50.5283599,30.3657586
50.4278548,30.6032770
50.4281596,30.6035342
50.4256046,30.6047202
50.4260728,30.6040240
50.4285296,30.5965133
50.4018392,30.6165018
50.4374225,30.3682645
50.4685098,30.4150696
50.4694058,30.4175787
50.4695713,30.4081341
50.4695266,30.4089234
50.4695889,30.4121629
50.4695033,30.4099390
50.4693472,30.4130263
50.4696186,30.4138520
50.4726929,30.4062118
50.4278236,30.5195555
50.4278268,30.5201354
50.3800119,30.7068454
50.4440857,30.3674294
50.4440881,30.3678749
50.4440953,30.3683115
50.4433839,30.3594592
50.4437339,30.3596277
50.5257766,30.4624766
50.5004675,30.5127939
50.5026110,30.5108211
50.5296360,30.6274827
50.5310472,30.6274070
50.5303270,30.6273750
50.5271801,30.6276105
50.5280587,30.6253977
50.4211800,30.6494529
50.4216608,30.6464455
50.4230112,30.6463752
50.4214977,30.6415869
50.4205724,30.6539516
50.4475622,30.5198606
50.4473926,30.5203176
50.4475843,30.5207787
50.4476370,30.5210865
50.3953326,30.5057982
50.4491171,30.5185258
50.4491518,30.5172440
50.4494120,30.5179125
50.4487585,30.5172389
50.4494205,30.5174777
50.4489610,30.5171804
50.4529139,30.5198734
50.4527298,30.5192219
50.4484792,30.5207580
50.5237084,30.6227495
50.4359160,30.5084083
50.4700295,30.6354179
50.4937604,30.4263502
50.4936450,30.4277550
50.4940783,30.4287525
50.4940518,30.4280366
50.4935968,30.4270071
50.4940108,30.4273041
50.4936953,30.4284875
50.4592223,30.3727300
50.4395644,30.5471589
50.4399223,30.5470075
50.4272973,30.5350609
50.4279665,30.5355064
50.4412312,30.5479569
50.4253829,30.5142099
50.4261648,30.5140257
50.4456376,30.4960656
50.4589967,30.6301280
50.4586357,30.6291332
50.4583532,30.6280705
50.3989250,30.5273868
50.3988035,30.5284220
50.4771841,30.3435633
50.3944750,30.4736936
50.4433528,30.5404832
50.4267598,30.5415534
50.4298828,30.6586640
50.4299050,30.6582351
50.4245949,30.6456399
50.4267764,30.6396364
50.4201883,30.6464226
50.4179225,30.6488031
50.4186290,30.6498409
50.4684482,30.4219129
50.4656263,30.4154533
50.4575961,30.4717782
50.4577596,30.4712264
50.4094078,30.6342633
50.4674358,30.4218638
50.4180694,30.6442603
50.5270428,30.6229966
50.4254274,30.5349904
50.3851933,30.4587480
50.3853469,30.4571782
50.3847651,30.4575821
50.4404583,30.5168861
50.5132494,30.4495968
50.5133408,30.4486184
50.5138694,30.4488449
50.5143579,30.4491212
50.4672523,30.3541151
50.5135449,30.4478493
50.4549799,30.3726421
50.4402960,30.5222633
50.4398959,30.5215503
50.5208857,30.4670555
50.5004086,30.4557704
50.4031570,30.5167463
50.4288397,30.5993859
50.4310648,30.6029353
50.4307024,30.6024392
50.4292701,30.6023475
50.4441190,30.5344375
50.4082314,30.6718932
50.4545435,30.5010555
50.5045833,30.5101191
50.5081119,30.4573519
50.5084905,30.4548218
50.5196607,30.4855154
50.5133268,30.4434788
50.4167565,30.6248725
50.4309289,30.4904003
50.4472573,30.5192955
50.4233931,30.5051268
50.4475900,30.4900990
50.4813772,30.4787276
50.4821913,30.4777953
50.4868170,30.4800691
50.4860928,30.4809177
50.4818052,30.4782375
50.4234300,30.5045003
50.4781341,30.3438795
50.4787468,30.3453444
50.4785225,30.3434488
50.4783687,30.3454226
50.4784294,30.3446286
50.4848960,30.4425598
50.4782346,30.3418403
50.4796148,30.3435570
50.4790961,30.3409051
50.4794754,30.3410860
50.4794096,30.3425144
50.4795660,30.3419227
50.4796872,30.3446478
50.4661218,30.4411772
50.3932225,30.6269340
50.4687517,30.6047247
50.4681794,30.6041854
50.4704627,30.4762945
50.4699667,30.4800415
50.4699389,30.4805050
50.4696694,30.4850042
50.4941245,30.5239532
50.3197165,30.5354859
50.4908181,30.5063491
50.3916309,30.4742729
50.3913895,30.4730240
50.3908543,30.4731639
50.3871330,30.4634267
50.3876337,30.4642959
50.3879283,30.4648363
50.4367583,30.6380762
50.5171294,30.4391776
50.5166043,30.4387757
50.5292498,30.3641543
50.5296440,30.3636793
50.4660787,30.3339284
50.3906993,30.6959863
50.3908672,30.6949533
50.3799954,30.7054439
50.3791318,30.7066808
50.3859573,30.6954688
50.3856700,30.6950865
50.3899828,30.6922181
50.3897049,30.6909319
50.3848438,30.6981817
50.3890521,30.6919568
50.3866725,30.6964208
50.3901651,30.6945703
50.3860892,30.6978558
50.3875550,30.6918532
50.4090123,30.6733164
50.3854613,30.6987929
50.4957355,30.5067561
50.4423381,30.4373366
50.4467351,30.4383311
50.4459578,30.4378530
50.4474677,30.4335836
50.4451485,30.4403268
50.3807709,30.7057142
50.4376776,30.6347690
50.4337628,30.6396216
50.4334791,30.6404926
50.4038305,30.5454364
50.4041292,30.5416271
50.4040179,30.5442840
50.4040450,30.5423517
50.4020176,30.5313243
50.4481464,30.4958391
50.5072293,30.5098325
50.5529202,30.3418887
50.5539251,30.3403549
50.4850883,30.5864167
50.4849757,30.5879399
50.4881344,30.5866132
50.4855676,30.5866371
50.4857838,30.5856674
50.4890917,30.5803778
50.4885331,30.5804816
50.4879922,30.5805804
50.4899499,30.5804054
50.4877317,30.5847170
50.4881893,30.5847910
50.4893170,30.5853075
50.4398630,30.6214123
50.4396811,30.6207816
50.4395159,30.6212526
50.5264377,30.6024620
50.4545425,30.5090668
50.4827207,30.5920210
50.4886896,30.5896322
50.4770111,30.5924837
50.4764093,30.5919960
50.4759833,30.5913014
50.4757032,30.5903580
50.4793872,30.5944309
50.4799482,30.5942339
50.4799465,30.5935955
50.4819713,30.5984092
50.4814784,30.6008457
50.4820299,30.6015083
50.4821626,30.5967903
50.4814247,30.5935802
50.4892160,30.5996848
50.4825147,30.5884984
50.4821709,30.5879342
50.4815495,30.5877974
50.4805962,30.5888432
50.4804088,30.5953546
50.4821294,30.5895277
50.4816743,30.5895992
50.4812262,30.5896567
50.4807925,30.5897277
50.4812606,30.5913407
50.4772395,30.5889330
50.4807323,30.5933403
50.4806313,30.5926336
50.4805259,30.5919523
50.4778104,30.5914310
50.4770943,30.5906532
50.4531219,30.4858463
50.4526131,30.4848787
50.4257298,30.4166765
50.3923408,30.4958383
50.4692955,30.4094212
50.4512507,30.5059251
50.4513655,30.5092218
50.4461366,30.5182425
50.4791994,30.5955624
50.4119203,30.6180896
50.4416553,30.5229826
50.4414125,30.5229074
50.4411525,30.5229570
50.4409186,30.5230250
50.4407454,30.5230999
50.4407707,30.5234276
50.5076290,30.4316914
50.4779888,30.3402838
50.3854712,30.4708320
50.4740768,30.4472917
50.4738388,30.4467558
50.5214710,30.6293897
50.5297309,30.6259395
50.5306954,30.6239996
50.5304436,30.6229183
50.4522444,30.5172193
50.4513661,30.5164288
50.5312833,30.6221196
50.3873418,30.6957265
50.4468311,30.5185270
50.4235891,30.6819062
50.3861788,30.4648585
50.3841883,30.4557154
50.4284132,30.4778708
50.4194018,30.4789143
50.4370179,30.4755274
50.3871688,30.4654133
50.3884100,30.4657191
50.3915553,30.4797684
50.4821357,30.3892248
50.4944534,30.4273717
50.4791517,30.3433078
50.4885851,30.4678937
50.4524406,30.5241283
50.4542651,30.5220987
50.4505383,30.5211469
50.4521795,30.5262960
50.4467466,30.5145691
50.4394477,30.5343081
50.4777212,30.3450726
50.5015708,30.4596291
50.3863006,30.4707778
50.4387003,30.5169209
50.4398555,30.5204449
50.4420252,30.4967790
50.4598482,30.5111191
50.4594973,30.5150246
50.4526838,30.4919694
50.4592780,30.5152992
50.4520331,30.5254374
50.4432375,30.5237219
50.3938632,30.5316204
50.4425956,30.4957079
50.4944074,30.4470416
50.4943685,30.4457849
50.4590425,30.4831914
50.4527255,30.3516851
50.4526728,30.3504973
50.4999024,30.4990840
50.4251578,30.4466040
50.4239542,30.4459255
50.4107195,30.5455009
50.4093184,30.5458514
50.4406062,30.6457234
50.5180959,30.4517372
50.4205621,30.5204547
50.4191066,30.5188069
50.4357217,30.5197215
50.4357171,30.5194282
50.4471745,30.4682243
50.4908573,30.7326517
50.4901098,30.7331581
50.4903313,30.7320783
50.3923790,30.4964662
50.4465043,30.3815237
50.4463563,30.3807224
50.4518003,30.3839018
50.4686541,30.6031080
50.4663041,30.3487094
50.4615558,30.3534694
50.3909971,30.4637556
50.3831777,30.4560981
50.4140393,30.5400603
50.3924902,30.6123719
50.4208414,30.6457165
50.4370679,30.4457550
50.4373425,30.4455291
50.4375613,30.4452535
50.4378545,30.4449955
50.4368685,30.4468570
50.4065203,30.6385935
50.4069876,30.6389273
50.4060164,30.6381594
50.4961549,30.3742654
50.4536434,30.4849615
50.4388661,30.4383810
50.4442463,30.4328203
50.4442921,30.4322225
50.4332365,30.4229553
50.4390857,30.4365203
50.5134075,30.6051125
50.4733386,30.3397587
50.5006258,30.4420340
50.4396998,30.5229517
50.4399118,30.5226132
50.3902666,30.4735369
50.5134697,30.5970387
50.5110595,30.6041085
50.5114862,30.6024763
50.4348791,30.4794344
50.4179346,30.6252416
50.4516251,30.4875118
50.4419774,30.5497509
50.4424557,30.5506717
50.4767121,30.5932449
50.4400020,30.5351466
50.3855837,30.4398660
50.4599588,30.3375241
50.4584322,30.3377750
50.4395907,30.4232917
50.4385648,30.5392549
50.3763909,30.5402116
50.3768432,30.5408604
50.4582205,30.6293451
50.4578824,30.6294142
50.4474427,30.4206004
50.4476965,30.4212210
50.4436964,30.6675984
50.4576379,30.4222656
50.4270353,30.4158952
50.4572991,30.4942861
50.4192525,30.4218263
50.4310467,30.4331191
50.4559414,30.4519302
50.4406066,30.4248118
50.4034726,30.5139210
50.4637681,30.5013329
50.4612206,30.6116454
50.3707969,30.4640800
50.4641474,30.6108448
50.4645271,30.6106956
50.4646125,30.6099161
50.4335330,30.6715709
50.4338192,30.6709644
50.4020997,30.5379323
50.3849269,30.4491533
50.4618449,30.3374816
50.4652680,30.3523771
50.4590740,30.3481202
50.4376041,30.5456074
50.4588217,30.3534810
50.4528184,30.3849295
50.4647268,30.3411628
50.4634467,30.3410269
50.4632714,30.3396304
50.4628429,30.3428216
50.3845549,30.4536612
50.4529886,30.3728775
50.3858706,30.4581589
50.3908277,30.4751337
50.3902018,30.4766125
50.3913321,30.4749821
50.3902273,30.4777554
50.3905594,30.4777571
50.3864373,30.4572685
50.3902564,30.4751712
50.4610922,30.3405469
50.4611214,30.3398460
50.4517456,30.3753752
50.4394518,30.5150342
50.4282302,30.5172076
50.4520138,30.3548481
50.4520556,30.3555512
50.4526947,30.3494033
50.4343915,30.4807879
50.3872156,30.4587213
50.3875247,30.4593776
50.4549525,30.3737718
50.4235034,30.4718469
50.4339392,30.5418644
50.4334985,30.5435952
50.3892043,30.6245167
50.3875010,30.6250573
50.3870903,30.6241686
50.4352815,30.4554548
50.3896426,30.4621036
50.3893380,30.4625068
50.3901380,30.4615754
50.5131097,30.4955162
50.5131147,30.4950111
50.5131162,30.4944871
50.5131632,30.4940956
50.5133946,30.4937481
50.5136108,30.4934278
50.3959019,30.5997781
50.5339987,30.6064415
50.5339525,30.6073154
50.5339240,30.6082100
50.4082703,30.5549113
50.4360404,30.4382984
50.4780278,30.4498214
50.4797026,30.4523352
50.4800567,30.4516967
50.4800953,30.4523001
50.3900411,30.6242098
50.4337970,30.5403599
50.4375062,30.5351935
50.4486168,30.4488277
50.4577075,30.4885400
50.4574959,30.4881354
50.4301861,30.5205949
50.4093563,30.5551881
50.4089732,30.5553939
50.4252363,30.5315965
50.4012597,30.5318420
50.4665311,30.6027640
50.4023920,30.5322418
50.4020025,30.5320721
50.4489563,30.2807646
50.4440838,30.2805534
50.4441369,30.2813908
50.4435913,30.2813714
50.4440728,30.2796462
50.4693678,30.5085844
50.4091157,30.6216907
50.4437691,30.6620063
50.5086395,30.4912726
50.4745037,30.3537239
50.4753139,30.3505341
50.4145996,30.6344395
50.4143379,30.6339196
50.4243139,30.5215220
50.5247370,30.6102523
50.4125401,30.6234326
50.4115970,30.6152187
50.4086635,30.6245374
50.4337639,30.5052033
50.4779385,30.3392787
50.4785014,30.3391866
50.4507738,30.5198118
50.4332000,30.5124966
50.5355498,30.4712333
50.3882796,30.6247529
50.4513359,30.4681007
50.4518694,30.4675777
50.5217331,30.4671844
50.4350089,30.4050450
50.4352144,30.4058132
50.5222981,30.4664440
50.4483979,30.4461480
50.4469691,30.4343885
50.4501316,30.4970530
50.4792698,30.3441274
50.4784547,30.3402199
50.4788113,30.3441830
50.4777773,30.3382156
50.4522350,30.5014300
50.4533021,30.5009848
50.4332591,30.4050097
50.4335237,30.6410728
50.4459116,30.4254753
50.4367043,30.4085151
50.4372219,30.4085767
50.4368282,30.4072769
50.4372118,30.4077914
50.4407259,30.5014270
50.4524890,30.4241053
50.4396894,30.6095822
50.4389347,30.6099373
50.3868018,30.4720898
50.3853301,30.4717911
50.3856228,30.4724607
50.3866099,30.4716005
50.3859891,30.4721347
50.3856690,30.4713859
50.3862588,30.4726443
50.5186817,30.4382620
50.5186314,30.4376299
50.3861366,30.6253299
50.3859828,30.6245490
50.4381608,30.6340543
50.4381264,30.6347268
50.4378793,30.6340755
50.4375759,30.6340968
50.4398766,30.6292786
50.4538529,30.4855964
50.4341133,30.6378790
50.5229899,30.6031331
50.4371374,30.6342164
50.4343673,30.6347620
50.4347080,30.6347053
50.4434777,30.6708641
50.4477050,30.6721877
50.4477034,30.6731133
50.4431033,30.6679340
50.4438447,30.6695717
50.3823218,30.5403673
50.4522376,30.6810888
50.4660506,30.4292488
50.4685407,30.4285116
50.4674179,30.4295507
50.4493970,30.6711840
50.4492732,30.6718251
50.4512059,30.6723640
50.4068119,30.5085315
50.4070621,30.5086016
50.4070694,30.5090309
50.4070441,30.5094397
50.4068989,30.5097486
50.4066904,30.5100525
50.4655751,30.4298190
50.4626031,30.4321621
50.4661441,30.4305309
50.4665492,30.4298300
50.4627387,30.4315160
50.4634152,30.4324866
50.5344262,30.5979076
50.4300938,30.4894971
50.4655721,30.3358139
50.4674754,30.3433384
50.4621683,30.3851347
50.4622217,30.3859117
50.4568504,30.6314462
50.5687190,30.4634751
50.4649338,30.4178255
50.4664288,30.4122276
50.4646835,30.4190234
50.4539355,30.5155729
50.4414622,30.5233604
50.5279786,30.3663449
50.4443670,30.4974491
50.4442492,30.4971416
50.4698464,30.4216474
50.4697800,30.4232496
50.4697160,30.4227009
50.4705492,30.4220342
50.4696819,30.4223963
50.4694680,30.4221987
50.4696627,30.4216492
50.4698742,30.4219754
50.4829100,30.4400363
50.4469255,30.4490182
50.4692848,30.6052558
50.4695019,30.6039574
50.4692889,30.6015426
50.4570729,30.4013556
50.4411515,30.4812514
50.4397335,30.4827840
50.4395923,30.4829928
50.3522618,30.4872382
50.4907882,30.6007212
50.4879136,30.5979032
50.4527434,30.4468394
50.4216091,30.4766041
50.4893544,30.4455562
50.4915544,30.4597170
50.4915639,30.4604144
50.3828031,30.4576337
50.4128233,30.6226018
50.4384185,30.5147914
50.4614957,30.5850328
50.4609377,30.5853484
50.4592686,30.3998735
50.3983277,30.5400579
50.3983427,30.5405514
50.3986046,30.5407742
50.3984090,30.5413754
50.4716756,30.4346279
50.4453367,30.3819210
50.4449021,30.3804548
50.4466225,30.3824071
50.4459536,30.3821661
50.4459187,30.3811719
50.4448797,30.3814043
50.4454631,30.3807534
50.4593004,30.4002358
50.4593754,30.4009229
50.4101207,30.5435286
50.4094343,30.5442410
50.4103379,30.5443525
50.4109091,30.5444969
50.4952043,30.4269532
50.4953491,30.4262173
50.4950657,30.4275832
50.4949252,30.4283201
50.4947463,30.4298985
50.4947774,30.4289983
50.4952854,30.4288940
50.4952818,30.4297929
50.4559583,30.3781363
50.4083378,30.6202320
50.5272554,30.5981972
50.5277412,30.5983570
50.5280668,30.5980891
50.4784471,30.3380837
50.4781295,30.3381287
50.4610771,30.4825517
50.4228698,30.7058559
50.4522612,30.5253071
50.4355498,30.4795259
50.4235822,30.7069478
50.4238359,30.7072364
50.4239635,30.7076890
50.5051065,30.4890770
50.5226216,30.4675552
50.5259859,30.4596655
50.5265121,30.4572932
50.4956413,30.4268031
50.4955257,30.4275048
50.4954028,30.4281985
50.4469170,30.5191674
50.4088937,30.6120789
50.4178748,30.6333215
50.4177261,30.6323914
50.4180288,30.6342785
50.4165829,30.6348653
50.4167417,30.6320417
50.4471943,30.3824270
50.4596255,30.5121708
50.3957190,30.6007575
50.3960831,30.5987666
50.3955318,30.6017079
50.3836479,30.4569697
50.3868849,30.4672147
50.5299562,30.6244118
50.5298001,30.6233289
50.5237501,30.4672850
50.4024272,30.6120414
50.4020979,30.6126919
50.4026554,30.6113507
50.3919150,30.6277746
50.3913355,30.6283817
50.3913019,30.6271637
50.3905081,30.6290896
50.3904106,30.6264100
50.3908237,30.6274168
50.3903167,30.6275917
50.3894986,30.6268509
50.3888757,30.6258232
50.3898538,30.6256514
50.3880488,30.6266531
50.3889201,30.6270364
50.3914057,30.6296685
50.4665372,30.4902740
50.5465847,30.3262029
50.3521141,30.4876777
50.3521085,30.4881836
50.4110309,30.5430389
50.4227625,30.6048231
50.4402624,30.5182360
50.3516895,30.4886723
50.3516144,30.4874582
50.3521913,30.4888974
50.3518826,30.4866800
50.4653917,30.3803580
50.3629898,30.4380141
50.4170829,30.5288725
50.4173114,30.5298871
50.4182428,30.5293661
50.4179802,30.5283271
50.4713857,30.3344246
50.5089329,30.5915859
50.5083410,30.5908692
50.4664178,30.5081724
50.4670702,30.3476249
50.4495233,30.4893570
50.4626244,30.3745086
50.4642852,30.4426178
50.4643323,30.4422279
50.4313751,30.6789919
50.4153661,30.5469342
50.4299141,30.4928528
50.4300889,30.4924146
50.5154153,30.4428808
50.4365949,30.6349303
50.4365059,30.6342616
50.4357471,30.6343012
50.4645293,30.5039047
50.4683114,30.6113063
50.4656065,30.3257465
50.4514872,30.6144369
50.3967736,30.6001426
50.4415855,30.5178867
50.3956664,30.6048234
50.3950882,30.6054626
50.3950592,30.6048205
50.4687113,30.5082752
50.5227555,30.6051598
50.4730863,30.4820118
50.4408463,30.5151596
50.4690843,30.5126645
50.4537173,30.4657805
50.4647522,30.5138923
50.4109988,30.4061185
50.5198080,30.6002440
50.4475812,30.5188316
50.4480064,30.5189236
50.4808036,30.4290894
50.4702167,30.5079025
50.4681961,30.5126874
50.4158418,30.6303075
50.4697395,30.6019543
50.4578352,30.5011675
50.4576615,30.5013227
50.4336939,30.5078330
50.4928722,30.4362554
50.3855983,30.4472355
50.3858221,30.4468746
50.3851832,30.4465959
50.3853884,30.4462393
50.3848684,30.4461107
50.3850909,30.4457563
50.3859751,30.4478163
50.3861982,30.4474852
50.4698807,30.6057701
50.4701520,30.6045745
50.5092620,30.4332409
50.5106623,30.4450583
50.4241557,30.6039953
50.3712442,30.5514213
50.3795586,30.5361161
50.3905958,30.4626473
50.3903932,30.4623772
50.3861732,30.4567894
50.4695746,30.6030084
50.4171752,30.5260323
50.4914302,30.4261379
50.4553961,30.4879246
50.3851167,30.4662768
50.3836272,30.4623113
50.3823210,30.4626546
50.3818668,30.4626344
50.3832179,30.4625171
50.3827763,30.4625929
50.4700844,30.6112092
50.4554868,30.6236461
50.4559411,30.6252672
50.4557137,30.6244559
50.4540164,30.6122504
50.4492297,30.6120268
50.4244985,30.6860592
50.4247058,30.6851361
50.4296438,30.4604619
50.4298470,30.4595849
50.4292404,30.4622060
50.4294499,30.4613316
50.3711832,30.4626910
50.3701820,30.4670736
50.3699194,30.4654938
50.4544296,30.3778284
50.5063412,30.4578169
50.4353961,30.4891816
50.4203043,30.5254495
50.5095272,30.4497489
50.5093869,30.4494020
50.5091153,30.4492112
50.5088066,30.4488852
50.5089706,30.4483832
50.5091001,30.4480255
50.5090710,30.4476654
50.5097093,30.4480400
50.5096651,30.4475447
50.5093342,30.4473218
50.5096197,30.4471654
50.5099114,30.4468520
50.5101956,30.4467011
50.5102646,30.4470224
50.5102927,30.4475590
50.5098431,30.4498379
50.5101932,30.4496633
50.5100587,30.4493278
50.5099287,30.4489386
50.5105181,30.4497513
50.5108481,30.4495438
50.5111227,30.4496451
50.5107227,30.4492679
50.5105911,30.4488494
50.5102897,30.4552588
50.5093385,30.4556120
50.4231667,30.5385029
50.4648000,30.3803494
50.4570009,30.4891792
50.4675050,30.4421383
50.4020639,30.5327027
50.4185298,30.5175767
50.4187646,30.5185344
50.4546649,30.3788635
50.4228329,30.5172002
50.4164744,30.5465513
50.4162703,30.5461879
50.3494999,30.4890079
50.3502246,30.4869245
50.3508724,30.4869010
50.4513460,30.3754859
50.4513301,30.3772703
50.3932746,30.4709481
50.3939740,30.4707543
50.3925715,30.4711437
50.4185042,30.3991752
50.4336822,30.3734509
50.4328608,30.3739566
50.3947667,30.4689371
50.3942722,30.4695629
50.3948526,30.4699834
50.5009424,30.4946530
50.4088388,30.5449288
50.4084508,30.5438335
50.3942524,30.4707059
50.3944432,30.4706305
50.3953368,30.4693715
50.3926024,30.4722333
50.3927348,30.4730318
50.5135855,30.4998941
50.5133060,30.5004117
50.3927815,30.4739718
50.4583731,30.4998686
50.5154267,30.4976442
50.3832412,30.4855146
50.4611359,30.5087041
50.4609079,30.5084309
50.5057219,30.4972456
50.3905793,30.4638126
50.3908720,30.4624195
50.3907906,30.4616653
50.3910770,30.4617542
50.4733898,30.3638575
50.4546025,30.5026903
50.4545363,30.5022941
50.4548806,30.5021520
50.3401343,30.4774194
50.3406114,30.4771542
50.3410650,30.4775392
50.3407769,30.4782887
50.4616104,30.3572389
50.4602256,30.3576672
50.3864894,30.4662476
50.5077711,30.4872673
50.5107148,30.4910863
50.4590769,30.4840945
50.4500805,30.5864553
50.4506283,30.5862943
50.4463398,30.5246920
50.4568584,30.5039627
50.4575041,30.3648624
50.4573478,30.3663332
50.4518893,30.5077668
50.4544581,30.3765402
50.4653493,30.4775195
50.5314275,30.6235550
50.5319844,30.6274457
50.4356069,30.5051423
50.3979468,30.6920575
50.4230805,30.4791527
50.4521429,30.4900957
50.4558867,30.3736248
50.4328808,30.4478359
50.3958093,30.4684036
50.3962048,30.4690497
50.3964298,30.4695767
50.3960476,30.4679211
50.3967162,30.4684777
50.3971626,30.4690176
50.4547966,30.4855357
50.4558409,30.4865074
50.4562443,30.4865072
50.4497650,30.4910810
50.3977988,30.4692826
50.3982959,30.4704838
50.4782751,30.5888604
50.4508420,30.5045971
50.4160599,30.4631496
50.4569539,30.6506441
50.3917790,30.6492354
50.3913448,30.6486961
50.3909144,30.6481710
50.3912948,30.6476054
50.3923178,30.6495993
50.4068950,30.6377634
50.4066663,30.6368608
50.4521107,30.5191620
50.4987230,30.4973529
50.4524663,30.5264382
50.3976571,30.4677675
50.3976944,30.4669981
50.3977252,30.4665062
50.3984387,30.4688395
50.3985039,30.4667108
50.3984673,30.4672565
50.3984348,30.4677511
50.3984126,30.4682963
50.4744099,30.5080635
50.4550259,30.6061955
50.3908247,30.6302732
50.3957024,30.6036630
50.3944250,30.5363267
50.4325326,30.4380102
50.4357032,30.4311005
50.4339366,30.4786242
50.4536114,30.4798550
50.4543177,30.4804795
50.3941016,30.5369521
50.4466101,30.5057931
50.4942784,30.4310868
50.4943958,30.4318262
50.4946151,30.4324812
50.4955285,30.4303970
50.4952576,30.4311129
50.4947856,30.4310527
50.4953660,30.4318788
50.4958848,30.4319598
50.4957553,30.4311540
50.4378097,30.5075652
50.4812510,30.4124635
50.3957232,30.5362030
50.5036884,30.4227212
50.5038207,30.4236730
50.5032703,30.4238046
50.5026199,30.4221157
50.4503735,30.5118944
50.4550382,30.4859455
50.4333066,30.4752857
50.4969853,30.5007496
50.4657882,30.6242431
50.4659397,30.6237907
50.4025486,30.5111105
50.4993824,30.4278063
50.4979443,30.4270808
50.4966343,30.4269539
50.4036470,30.5111075
50.4060276,30.5155152
50.4055503,30.5158594
50.4058304,30.5159289
50.3512431,30.4785696
50.3512757,30.4794346
50.3508200,30.4772355
50.3515028,30.4771466
50.3518317,30.4780700
50.3505233,30.4783891
50.3506061,30.4798447
50.3514256,30.4804705
50.3509493,30.4808906
50.3518713,30.4790012
50.4948909,30.4318178
50.4961019,30.4326248
50.4962493,30.4332471
50.4964013,30.4338811
50.4967404,30.4353159
50.4969087,30.4359935
50.4970427,30.4385442
50.4967358,30.4380461
50.4960872,30.4384875
50.3951082,30.6036032
50.3999173,30.6126051
50.3991312,30.6126496
50.4360830,30.4343068
50.4413228,30.4485934
50.4292649,30.4143763
50.4506315,30.4881644
50.4728389,30.5158479
50.3904801,30.4617166
50.4352815,30.4455333
50.4543722,30.4856335
50.4579859,30.5108051
50.4654553,30.3264666
50.4300358,30.5217996
50.4594470,30.5107253
50.4591093,30.5106896
50.4587530,30.5107009
50.4577940,30.5095376
50.4581812,30.5100797
50.5025983,30.4907098
50.5032918,30.5918170
50.4840284,30.6045024
50.5205503,30.6119214
50.5187501,30.6125245
50.5012296,30.5889204
50.5049920,30.5869607
50.5050380,30.5886505
50.5054782,30.5882481
50.5174597,30.6080256
50.5242019,30.6126773
50.5308132,30.6143036
50.4726792,30.4620634
50.4728290,30.4633461
50.4851804,30.4628609
50.4084084,30.5554935
50.5127663,30.4896517
50.3826457,30.4636803
50.3814130,30.4624969
50.5213170,30.4681631
50.5219450,30.4681741
50.3898172,30.6287893
50.4499816,30.4888089
50.4702642,30.6198893
50.4691889,30.6220117
50.4659310,30.6191151
50.5213457,30.4658108
50.3952307,30.5355616
50.4550775,30.4939550
50.4035506,30.5014248
50.4565561,30.4087290
50.4564963,30.4096217
50.4800620,30.6353059
50.4271600,30.5327152
50.4353863,30.5112041
50.4243043,30.6568050
50.4968015,30.3683385
50.4768555,30.6706080
50.4767175,30.6718497
50.5268825,30.4556283
50.5250909,30.4579216
50.5252895,30.4570502
50.4147971,30.5274998
50.4146329,30.5263750
50.4144431,30.5257953
50.4157303,30.5266145
50.4153984,30.5271536
50.4158716,30.5272132
50.4161389,30.5255335
50.4163254,30.5264863
50.4189189,30.5310518
50.4191457,30.5324646
50.4196142,30.5306160
50.5136276,30.4427230
50.5133595,30.4425719
50.4968680,30.4371658
50.4961695,30.4405607
50.4971527,30.4404573
50.4969031,30.4405238
50.4973535,30.4422717
50.4965833,30.4420330
50.5009460,30.4457554
50.5009149,30.4460829
50.5033823,30.4253279
50.5029911,30.4247659
50.5026221,30.4256862
50.5026906,30.4268893
50.5022209,30.4264168
50.5022459,30.4276019
50.5021332,30.4234821
50.5015614,30.4216323
50.5015391,30.4227131
50.5010055,30.4226360
50.5010587,30.4259408
50.5010405,30.4271204
50.5014713,30.4264328
50.4849606,30.4169176
50.4848162,30.4158823
50.4849014,30.4149015
50.4794723,30.5338011
50.5214565,30.6307429
50.5330984,30.5983730
50.4760299,30.6703845
50.4171559,30.6815046
50.4178586,30.6816739
50.4104389,30.6958808
50.4117145,30.6956613
50.3698872,30.4616348
50.3820461,30.4646467
50.3816690,30.4636516
50.4966298,30.4346010
50.4957894,30.4334670
50.4958810,30.4342402
50.4954676,30.4329344
50.4954048,30.4346853
50.4953129,30.4339571
50.4948119,30.4342343
50.4948409,30.4349100
50.4964194,30.3695391
50.4962630,30.3683172
50.4952201,30.3699522
50.4951620,30.3695173
50.4944788,30.3697800
50.4485089,30.4792957
50.5317211,30.3623584
50.3920629,30.4593118
50.3898304,30.4624250
50.3901795,30.4630142
50.3900201,30.4627157
50.3967282,30.4456123
50.3967571,30.4463591
50.5175227,30.4492712
50.4705772,30.4913134
50.5183178,30.4397529
50.4070571,30.6731131
50.4066431,30.6742117
50.4048207,30.6702388
50.4051104,30.6698121
50.4018803,30.6497389
50.4026186,30.6499145
50.4027953,30.6104410
50.4909186,30.5278530
50.4700154,30.4312856
50.4690253,30.4260433
50.4669129,30.4193641
50.4671740,30.4192885
50.5203966,30.4369517
50.5206180,30.4360255
50.3934955,30.4743128
50.3926130,30.4605187
50.5147849,30.5939481
50.4980858,30.5160585
50.4983208,30.5147607
50.4224561,30.7033544
50.4223146,30.7039601
50.4220912,30.7045424
50.4218689,30.7050556
50.4239294,30.6978783
50.4232591,30.6925881
50.3489382,30.4786966
50.3479194,30.4789807
50.3489248,30.4793792
50.3479831,30.4778270
50.3455001,30.4781112
50.3460664,30.4778672
50.3469331,30.4778572
50.3465565,30.4786068
50.3464254,30.4793802
50.3452168,30.4763711
50.3452131,30.4756333
50.3462173,30.4764222
50.3471378,30.4764156
50.3481152,30.4762675
50.3497208,30.4747820
50.3481133,30.4755871
50.3471307,30.4754826
50.3462109,30.4754974
50.3472354,30.4747905
50.3461652,30.4748052
50.3452262,30.4749451
50.3779823,30.5402462
50.3801892,30.5333490
50.3807419,30.5329306
50.5008607,30.4236444
50.5001964,30.4244149
50.4261845,30.5361967
50.3907008,30.4764202
50.3903912,30.4788217
50.4969968,30.5054892
50.3975820,30.4702778
50.4735454,30.3545057
50.3981681,30.6927041
50.3984483,30.6934396
50.4032671,30.5100852
50.4098963,30.5067277
50.4091524,30.5062523
50.4110298,30.5002547
50.5253340,30.4922764
50.5253193,30.4950478
50.5249149,30.4930353
50.5249136,30.4957766
50.5203643,30.4858975
50.5203577,30.4888008
50.5217347,30.4901010
50.5217465,30.4872355
50.5224376,30.4878473
50.4131969,30.6533923
50.5255129,30.4962612
50.5239696,30.4951540
50.4159292,30.6325477
50.4156463,30.6295163
50.4150134,30.6297524
50.5108745,30.4857734
50.5113506,30.4859830
50.5112960,30.4868054
50.3854417,30.4554330
50.5010166,30.4247335
50.4125410,30.5509932
50.4198213,30.5333594
50.4231855,30.5305012
50.4768031,30.6721682
50.4988370,30.3569708
50.5038819,30.5900931
50.5032244,30.5890320
50.5108759,30.4933617
50.3712400,30.4552195
50.5067439,30.5043942
50.3432119,30.4756411
50.3864635,30.4483931
50.4889010,30.6116961
50.5060625,30.4117696
50.4696392,30.6116974
50.4694108,30.6123773
50.4578731,30.6303405
50.4573496,30.6306803
50.4551173,30.6296515
50.4961907,30.3734244
50.4692981,30.5220580
50.5052012,30.4115262
50.5056058,30.4087087
50.5063987,30.4091178
50.4254198,30.5199142
50.4248633,30.5224885
50.3877198,30.4587309
50.3878695,30.4590517
50.3871162,30.4552012
50.4283054,30.5974159
50.5149290,30.5917509
50.5155512,30.5914247
50.5157764,30.5942362
50.4801153,30.6715604
50.4799654,30.6709405
50.4798246,30.6702597
50.4797360,30.6696452
50.4275100,30.5258557
50.4344243,30.5321403
50.4455417,30.4315733
50.4795431,30.4784195
50.4597646,30.5118034
50.4600981,30.5119505
50.4599791,30.5121616
50.4598667,30.5123486
50.4597770,30.5125003
50.4596839,30.5126459
50.4073323,30.6259669
50.4075831,30.6269255
50.4634796,30.5030996
50.5321647,30.6234557
50.3873045,30.6262996
50.3890326,30.6291786
50.3875176,30.6274031
50.3910048,30.6311147
50.4064446,30.6672264
50.5264827,30.5000408
50.4385236,30.6466542
50.4817715,30.5914062
50.4596373,30.5859336
50.4685470,30.5186082
50.4155871,30.5258351
50.4154595,30.5253127
50.4150962,30.5258798
50.4220980,30.5129947
50.4232689,30.5136626
50.4699690,30.5146070
50.4497512,30.5940454
50.5362057,30.4722016
50.5358694,30.4723580
50.4309456,30.4778683
50.4694834,30.4800950
50.4600393,30.5854799
50.4593637,30.5852992
50.3745600,30.5423671
50.3747878,30.5421769
50.3749461,30.5423330
50.4468870,30.4900304
50.3918320,30.4960319
50.4604793,30.5095496
50.4470462,30.6018521
50.4333486,30.4477900
50.5058178,30.5856031
50.4703960,30.5052830
50.4706871,30.5054351
50.4716524,30.5047123
50.4707780,30.5062310
50.5077225,30.6048704
50.4522365,30.4893251
50.4371528,30.4769185
50.4700017,30.4757995
50.3899665,30.6303726
50.3904094,30.6316679
50.3891198,30.6332931
50.4626376,30.4892016
50.4627565,30.4883353
50.4812733,30.4136689
50.4813906,30.4149792
50.4813895,30.4166027
50.3967540,30.4470375
50.3917888,30.4731310
50.5076224,30.4170700
50.5070366,30.4174250
50.4520355,30.5036644
50.4520165,30.5028739
50.4513343,30.5045455
50.5129740,30.4973035
50.4649214,30.3262794
50.4526586,30.4892405
50.4662498,30.4738464
50.4477545,30.4806989
50.4362173,30.4880820
50.4356381,30.4872636
50.4348792,30.4858982
50.3719761,30.5333862
50.4993280,30.4973457
50.4999133,30.4973239
50.4214803,30.5627167
50.4222849,30.5632870
50.4201816,30.6590234
50.4204716,30.6588942
50.4136269,30.5444733
50.4091118,30.5584306
50.4098703,30.5586035
50.4073668,30.5564683
50.4048794,30.5563677
50.4829179,30.4511572
50.4107042,30.6741929
50.4070885,30.6832977
50.4075636,30.6723784
50.4061451,30.6708704
50.4078263,30.4112248
50.4012006,30.5091760
50.4095814,30.5354794
50.4649544,30.3830248
50.4712174,30.4001364
50.5008317,30.4549978
50.4352299,30.4865737
50.4538702,30.4873763
50.4466339,30.4867383
50.4335721,30.5367625
50.4189749,30.3856076
50.3822148,30.4763836
50.3981361,30.5087697
50.5293473,30.5996422
50.4400122,30.4168071
50.4780733,30.4022597
50.4699943,30.4252263
50.4694825,30.4227040
50.4580329,30.5006063
50.5306449,30.5951161
50.5000713,30.4264399
50.4993741,30.4258279
50.4704764,30.4000820
50.4753235,30.4018822
50.4353930,30.4869800
50.4350357,30.4862823
50.4349629,30.4767536
50.4757460,30.4482155
50.5001083,30.4253242
50.3877699,30.6295112
50.3883337,30.6293570
50.3891158,30.6321577
50.3894888,30.6312515
50.4641085,30.3280050
50.4635214,30.3282112
50.4542673,30.5209188
50.4938282,30.3696672
50.4313761,30.6200990
50.4324753,30.6177233
50.4310279,30.6187445
50.4201207,30.4687905
50.4402833,30.5167931
50.3488385,30.4888883
50.3344625,30.4797771
50.3969565,30.4667774
50.4524727,30.4736165
50.4503829,30.4938977
50.4591931,30.5816898
50.4511290,30.4767275
50.4510458,30.4759838
50.4534619,30.5085489
50.4510480,30.4868522
50.4473030,30.4215593
50.4302702,30.4785208
50.5149213,30.4560538
50.5154886,30.4564292
50.5110113,30.4473756
50.4597666,30.4534095
50.4598223,30.4527718
50.4201044,30.6115291
50.4979358,30.4688091
50.4986277,30.4668774
50.4977907,30.4675363
50.4976446,30.4662304
50.4911619,30.4215204
50.4901495,30.4220447
50.4901045,30.4201206
50.4906771,30.4192110
50.5063638,30.4103016
50.5044144,30.4110280
50.5034890,30.4105720
50.5041102,30.4077821
50.5048470,30.4083573
50.3873500,30.5471116
50.3886192,30.5482846
50.4634620,30.5908694
50.4629607,30.5911630
50.4624513,30.5915171
50.4619599,30.5918498
50.4111857,30.6975635
50.4116530,30.6992827
50.4044921,30.6742943
50.4042284,30.6747622
50.3699488,30.4457990
50.3703585,30.4458391
50.3674829,30.4396379
50.3674553,30.4404906
50.3670304,30.4400336
50.5823787,30.7548687
50.4149674,30.6269839
50.3964148,30.5064721
50.4698480,30.5212778
50.4704574,30.4025031
50.4701907,30.4031410
50.4342794,30.5318323
50.3965655,30.4676011
50.4383029,30.5353245
50.4384573,30.5359180
50.4388551,30.5353538
50.4288590,30.5196933
50.5279654,30.5935395
50.3849845,30.4428029
50.4596051,30.5167164
50.4820041,30.4788378
50.4817077,30.4791978
50.4281572,30.6480855
50.4280332,30.6475849
50.4713818,30.4026136
50.4582544,30.5826145
50.4692676,30.5045412
50.4457463,30.5234497
50.5044661,30.4353115
50.4033334,30.6085178
50.4031932,30.6094512
50.4540679,30.3780977
50.4617738,30.5212913
50.4552852,30.4948185
50.4468081,30.6036103
50.4457973,30.6036823
50.4454751,30.6051286
50.4464827,30.6048216
50.5305322,30.5982715
50.5302521,30.5988715
50.3698567,30.4439980
50.3704333,30.4441623
50.3863730,30.6922308
50.5179419,30.6090843
50.5668438,30.4592687
50.4129901,30.5998680
50.4124494,30.6011727
50.4124663,30.5980133
50.4129735,30.5973337
50.4205151,30.6130656
50.4081821,30.5462834
50.4088363,30.5481183
50.4037975,30.6499177
50.4256869,30.6516486
50.4138498,30.6357361
50.4691669,30.3985440
50.4691828,30.3992131
50.4557461,30.4095424
50.4574415,30.4096933
50.4560017,30.4104503
50.4572012,30.4103936
50.3708819,30.4616646
50.4353179,30.4783112
50.4473589,30.4352918
50.4465143,30.4331427
50.4645783,30.5042649
50.4489778,30.4328657
50.4437998,30.4957487
50.4494871,30.4998474
50.4557372,30.4955795
50.4677090,30.4709483
50.3573471,30.4785974
50.3575433,30.4779130
50.3884796,30.4591190
50.3705416,30.4430477
50.4151240,30.3912554
50.4064981,30.4029884
50.4072936,30.3989258
50.4618126,30.6268989
50.4670893,30.6220313
50.4070686,30.5067449
50.4445239,30.6630685
50.3403710,30.4815096
50.5440632,30.4928279
50.5440960,30.4941515
50.5437279,30.4942769
50.5437640,30.4930788
50.5430647,30.4939717
50.5427482,30.4928180
50.5420529,30.4940841
50.5415488,30.4943711
50.5415852,30.4933154
50.5415476,30.4927733
50.5427591,30.4941460
50.5431048,30.4926747
50.5422207,30.4925516
50.5421847,30.4931772
50.4628341,30.4928554
50.4619276,30.4888306
50.4623045,30.4890546
50.4578445,30.4814219
50.5321998,30.6225889
50.5322349,30.6217657
50.4706104,30.4999454
50.4451525,30.6067457
50.4461955,30.6061230
50.5008705,30.4992049
50.4339913,30.4890955
50.4078780,30.5455467
50.4621804,30.3643507
50.4862091,30.4718395
50.4459035,30.4964462
50.4434479,30.4986351
50.4405812,30.5061939
50.4400414,30.5052666
50.4395131,30.5032731
50.4324180,30.5142187
50.3934906,30.4732854
50.3481430,30.4740360
50.4703107,30.5148187
50.4224426,30.6558378
50.4200446,30.6552124
50.3975403,30.5304913
50.3939739,30.6130373
50.3941333,30.6136382
50.3938919,30.6142191
50.3935683,30.6145479
50.4336198,30.5376135
50.4335255,30.5383432
50.4028761,30.6335197
50.4027864,30.6346402
50.4465687,30.5190738
50.4463305,30.5189753
50.4450966,30.5165260
50.4449216,30.5165445
50.4447870,30.5315514
50.4449221,30.5312220
50.4447980,30.5308941
50.4717107,30.5057913
50.4719511,30.5057055
50.4720883,30.5053175
50.4723302,30.5050320
50.4053468,30.6452354
50.4633025,30.4766187
50.4414457,30.5456114
50.4351160,30.5429692
50.4352516,30.5425111
50.4408075,30.3826792
50.4409597,30.3838000
50.4399218,30.3843761
50.4247522,30.5145980
50.4250433,30.5148149
50.5069722,30.5874419
50.5076036,30.5883885
50.4387927,30.5141161
50.4386135,30.5140130
50.4332857,30.5148481
50.4334642,30.5144724
50.4335562,30.5146711
50.4489191,30.5099576
50.4485461,30.5097935
50.4440257,30.5185405
50.4437543,30.5182636
50.4438596,30.5179312
50.4888545,30.4662972
50.4886424,30.4666773
50.4895595,30.4651200
50.4897728,30.4647473
50.4651813,30.4412241
50.4224907,30.4705327
50.4233556,30.4716107
50.4229316,30.4709940
50.4396884,30.6127849
50.4394046,30.6133095
50.4180296,30.6603646
50.4417074,30.6209169
50.4416207,30.6216624
50.4235931,30.6861990
50.4233763,30.6859740
50.4649915,30.4062976
50.4673716,30.4150242
50.4690866,30.4725604
50.4687155,30.4722287
50.4595343,30.4633339
50.4599072,30.4630459
50.4501397,30.4514379
50.4541035,30.5088985
50.4456139,30.5252516
50.4386243,30.5057501
50.4693393,30.5164512
50.4695493,30.5160849
50.5135446,30.4629309
50.5290853,30.5947491
50.5291127,30.5939854
50.5233414,30.6017418
50.4382993,30.6305249
50.4382867,30.4567346
50.4386659,30.4568421
50.4709792,30.5043124
50.4714565,30.5041606
50.4702207,30.5061539
50.4702379,30.5057844
50.4700692,30.5057730
50.4636973,30.5241768
50.4638796,30.5241141
50.4599344,30.5092199
50.4596321,30.5093259
50.4594733,30.5093715
50.4261732,30.4598206
50.4262374,30.4604175
50.4186552,30.4527548
50.4183449,30.4529828
50.4464667,30.5180825
50.4463559,30.5183618
50.4635605,30.4874953
50.4639063,30.4875202
50.5244274,30.6025273
50.4391229,30.4834165
50.4393313,30.4833828
50.5225867,30.4600141
50.5231757,30.4604813
50.4677690,30.5136573
50.4675442,30.5137693
50.3927833,30.6158238
50.3925979,30.6155228
50.3923575,30.6154376
50.4593632,30.5102398
50.4590434,30.5102448
50.4587269,30.5102502
50.4573918,30.5097569
50.4576095,30.5099089
50.4769818,30.3453054
50.4767356,30.3446268
50.4765045,30.6726242
50.4763660,30.6723029
50.4762664,30.6719078
50.4761733,30.6715043
50.4761360,30.6711139
50.4763514,30.6709060
50.4766022,30.6707639
50.3823300,30.6990167
50.3822757,30.6993850
50.3819568,30.6996215
50.4679756,30.5134174
50.4356296,30.6168063
50.3915396,30.6036644
50.4632486,30.3701051
50.4637038,30.3699967
50.4029942,30.5318382
50.4673250,30.5134920
50.4675928,30.5133937
50.4676864,30.5130465
50.4674875,30.5131918
50.4597528,30.5108594
50.4813068,30.4385812
50.4813812,30.4391044
50.4398053,30.6147818
50.4402119,30.6149702
50.3782806,30.5403351
50.3787079,30.5406790
50.4698613,30.4909320
50.4488853,30.5104505
50.3819426,30.7071058
50.3634364,30.6758806
50.4404857,30.6444646
50.4403117,30.6448080
50.4781201,30.6695262
50.3938550,30.6526046
50.3941674,30.6521937
50.4029292,30.5021990
50.3883508,30.4584318
50.4776576,30.5889719
50.4768143,30.5887865
50.5080646,30.4279096
50.4329802,30.4831063
50.4327768,30.4818597
50.4414726,30.6423187
50.4414407,30.6414497
50.4731864,30.4697296
50.4733973,30.4691508
50.4920333,30.5260472
50.3983418,30.6124844
50.3980488,30.6134701
50.4071304,30.5438673
50.4074005,30.5449848
50.4078015,30.5446932
50.4076201,30.5437446
50.5089507,30.4141099
50.4668228,30.5115930
50.4286369,30.5219997
50.5298815,30.5913400
50.5295651,30.5918623
50.5296592,30.5901312
50.4611793,30.5864180
50.3936471,30.4722891
50.4710712,30.3629823
50.4706164,30.3627920
50.4712995,30.3990535
50.4716188,30.4008458
50.4712331,30.4014241
50.4360343,30.5068847
50.4845467,30.4130645
50.4845916,30.4138280
50.4644264,30.5077482
50.4336883,30.5370549
50.4384582,30.5006723
50.5385515,30.3582749
50.5335431,30.5980258
50.3953255,30.5078112
50.4108336,30.4747443
50.4113602,30.4732544
50.4120281,30.4717655
50.4100861,30.4762625
50.4094452,30.4769411
50.4443240,30.5244919
50.5055353,30.5778971
50.4486143,30.4495194
50.4332887,30.4429520
50.4335505,30.4434312
50.4329193,30.4430519
50.4326276,30.4425497
50.4327839,30.4421303
50.5115048,30.4662171
50.5111950,30.4486224
50.3944815,30.4728608
50.3911073,30.6040592
50.4053488,30.5530051
50.4143627,30.4562982
50.5670144,30.4585298
50.4348338,30.5082468
50.4523103,30.4923528
50.5317306,30.6065539
50.4694924,30.3997598
50.4691237,30.4001886
50.4694788,30.4008087
50.5092724,30.4552100
50.4906775,30.4627742
50.3687138,30.4625635
50.4356482,30.4775279
50.4569027,30.4113569
50.4573957,30.4119535
50.4937876,30.3701208
50.4667005,30.5091296
50.4643631,30.5007468
50.3958255,30.6056911
50.3957076,30.6062802
50.3957053,30.6067878
50.3951784,30.6069167
50.4336461,30.4040837
50.4344972,30.3782369
50.5669825,30.4604433
50.5672701,30.4599822
50.5677604,30.4584848
50.3702232,30.4416311
50.4701836,30.3625701
50.4538763,30.5910299
50.4527399,30.4859798
50.4329053,30.6189104
50.4584010,30.4091842
50.4065656,30.5162853
50.4225663,30.4652729
50.4618443,30.4912887
50.4773401,30.6718320
50.4771157,30.6705556
50.4773316,30.6713897
50.4772401,30.6709277
50.4771286,30.6720370
50.4931587,30.3701699
50.4931088,30.3698084
50.4342072,30.6210748
50.4339244,30.6200636
50.4319698,30.4421580
50.4321257,30.4417306
50.3923804,30.6524159
50.3915695,30.6522676
50.5212391,30.5002157
50.4895427,30.5810612
50.4263469,30.6760160
50.3853056,30.4523807
50.3853343,30.4530808
50.4607359,30.5804308
50.4020789,30.5059223
50.3920755,30.6532475
50.3702017,30.4406569
50.3710353,30.4408670
50.3710903,30.4436010
50.3713489,30.4429128
50.3721216,30.4424946
50.3717478,30.4420491
50.3745571,30.5426238
50.3916088,30.6028660
50.3891144,30.4529272
50.4111116,30.6292253
50.4112100,30.6297113
50.3625023,30.4391799
50.3610467,30.4419591
50.3972517,30.6134989
50.4322885,30.6199580
50.4320903,30.6192614
50.4373943,30.6226480
50.4366703,30.6203187
50.4359263,30.6208392
50.4352315,30.6215255
50.4337589,30.6226137
50.4371257,30.6179760
50.4366935,30.6181094
50.4361555,30.6184940
50.4354146,30.6190194
50.4346655,30.6195447
50.4331446,30.6206478
50.4326059,30.6211993
50.4332766,30.6233437
50.4355700,30.6240643
50.4691547,30.4026317
50.4688993,30.4028675
50.4680359,30.3987483
50.4683941,30.3994566
50.4041034,30.6765886
50.5127490,30.5086271
50.5115034,30.5086126
50.4982502,30.5177223
50.5065142,30.5104891
50.4939111,30.5219657
50.5022757,30.4123838
50.5019784,30.4131792
50.5023399,30.4114632
50.4983261,30.4239044
50.4908601,30.4175588
50.4914485,30.4164573
50.4936080,30.4178078
50.4934545,30.4191665
50.4854277,30.4135145
50.4860795,30.4135268
50.4854713,30.4122718
50.4965061,30.4247393
50.4971529,30.4249584
50.4978720,30.4248353
50.4970947,30.4239194
50.4987693,30.4243941
50.4995512,30.4233143
50.4996660,30.4222880
50.5002175,30.4219356
50.5000600,30.4208984
50.4989927,30.4203728
50.4991139,30.4214062
50.4985253,30.4216504
50.4703343,30.4011575
50.4702265,30.3989378
50.4177042,30.6831752
50.3724376,30.4526955
50.3728152,30.4529954
50.4551623,30.4088807
50.4558550,30.4082936
50.5208308,30.6324467
50.5206056,30.6333989
50.5024838,30.4101291
50.5027654,30.4082792
50.5020655,30.4090135
50.5011950,30.4122725
50.5009963,30.4108218
50.4187037,30.6812093
50.3709239,30.5514680
50.4693276,30.4017218
50.4787355,30.4316230
50.4096851,30.5426746
50.4084813,30.5419918
50.4075150,30.5413622
50.4079415,30.5418696
50.4083319,30.5477000
50.4785823,30.3947289
50.4630432,30.5023702
50.3975348,30.6120159
50.4671670,30.4622641
50.4945036,30.3687028
50.4931613,30.5861614
50.4928136,30.5865627
50.4924004,30.5869163
50.4689206,30.5116697
50.4500664,30.5018266
50.4278958,30.5432522
50.4281364,30.5444985
50.4285024,30.5462509
50.4270794,30.5487846
50.4231641,30.4549630
50.4235159,30.4537986
50.4121637,30.6003993
50.4135457,30.5968007
50.4149887,30.5960071
50.4158657,30.5955806
50.4158653,30.5970009
50.4152862,30.5979647
50.4145699,30.5984944
50.4138822,30.5992932
50.4193656,30.5512979
50.5016393,30.4148641
50.4540971,30.4887006
50.4623038,30.4639300
50.3944596,30.4744652
50.3947134,30.4721268
50.3954217,30.4725911
50.3954268,30.4733083
50.4558484,30.4075488
50.4547812,30.4100386
50.4104030,30.4937893
50.4110425,30.6001225
50.4756641,30.6811239
50.4787935,30.6717314
50.4790440,30.6715925
50.3451826,30.4741573
50.3493753,30.4798469
50.3491585,30.4779258
50.3487627,30.4778203
50.3536209,30.4794651
50.3548571,30.4796906
50.4141008,30.4568603
50.4401909,30.4170873
50.3418387,30.4774075
50.3418301,30.4782384
50.3420641,30.4796327
50.3420608,30.4803593
50.3422652,30.4789447
50.4152447,30.5377985
50.4142467,30.5963345
50.3909352,30.4631707
50.4316798,30.4781088
50.4435113,30.5182728
50.4039537,30.6773624
50.4038028,30.6776336
50.4039182,30.6763321
50.4039362,30.6752280
50.4204129,30.6124312
50.4044550,30.6715618
50.4758722,30.4370051
50.4416291,30.4160050
50.4684534,30.6102372
50.4134229,30.5365014
50.4182876,30.6207920
50.4191255,30.6203342
50.5678452,30.4598754
50.3986690,30.4981801
50.4945881,30.4455102
50.4849078,30.5329115
50.5191875,30.5944190
50.3973074,30.6003220
50.4666127,30.3428511
50.4542035,30.4519940
50.4387374,30.6488172
50.4234587,30.5299147
50.4589534,30.5034437
50.4575117,30.4804990
50.4585150,30.3593319
50.4580460,30.5033590
50.4200543,30.5266999
50.4194512,30.5271233
50.4197730,30.5280340
50.4915192,30.5892300
50.5132706,30.5000866
50.4106615,30.5359356
50.4664899,30.3407250
50.4794060,30.6711162
50.4329822,30.4051550
50.4982245,30.3570808
50.5184831,30.5936607
50.3582465,30.4776462
50.5107610,30.4663613
50.5110053,30.4677131
50.4312985,30.5492999
50.4236410,30.5192804
50.4167465,30.5305590
50.3984289,30.5996456
50.3983605,30.6004929
50.4762501,30.4687016
50.4606606,30.5828426
50.4594582,30.5832968
50.4318069,30.6348591
50.5051907,30.5859394
50.4582252,30.5094651
50.4580926,30.5091431
50.4579588,30.5088886
50.4577453,30.5087873
50.4592396,30.5096970
50.4590045,30.5096997
50.4587622,30.5097023
50.4584421,30.5098153
50.3901288,30.7254266
50.3902218,30.7247090
50.5101004,30.4529304
50.4269349,30.5934085
50.4520426,30.3360801
50.3906250,30.4609912
50.3910650,30.4610040
50.4170160,30.6820851
50.4518749,30.5047982
50.4656286,30.4729649
50.3701284,30.4427310
50.4216456,30.5162592
50.4650024,30.5051293
50.4649759,30.5054450
50.5104354,30.5899195
50.5107036,30.5907034
50.5101383,30.5891780
50.4022746,30.6177273
50.4540840,30.4925323
50.4545141,30.4935532
50.4548157,30.4930790
50.4554690,30.4928413
50.4558477,30.4932966
50.4590777,30.4891754
50.4744314,30.4665026
50.4752672,30.4683015
50.4688513,30.4772600
50.4688118,30.4791093
50.4686939,30.4800281
50.4687536,30.4804707
50.4699354,30.4823392
50.4724855,30.4780715
50.4069135,30.5487504
50.4417566,30.5458591
50.4409835,30.6447819
50.4292410,30.4295896
50.4296560,30.4303107
50.4263071,30.4292767
50.4612878,30.5084905
50.3631743,30.6104938
50.4888110,30.3772508
50.4748608,30.4663623
50.4514832,30.5181771
50.4516770,30.5183186
50.4516002,30.5185923
50.3918813,30.6037498
50.3928849,30.6011548
50.3926587,30.6016840
50.3924289,30.6022314
50.3922093,30.6026099
50.3919803,30.6022463
50.4162787,30.5280435
50.4161300,30.5293015
50.4157259,30.5295690
50.4157096,30.5282125
50.4153216,30.5286995
50.4653396,30.5240752
50.4653176,30.5245507
50.5026670,30.4231874
50.4622814,30.4495199
50.4567506,30.4922719
50.4541002,30.3989805
50.4544080,30.3995016
50.4103432,30.4080510
50.4405381,30.5185975
50.4541949,30.4811137
50.4843116,30.5818496
50.4606467,30.5831811
50.4068690,30.4992288
50.4555445,30.4887028
50.4370556,30.5102092
50.3957488,30.6073968
50.4344663,30.3978817
50.4342660,30.3980362
50.4801753,30.6000316
50.4800753,30.5994431
50.4796317,30.5989373
50.4794382,30.5975323
50.4817201,30.6045012
50.4836820,30.6020265
50.4835613,30.6027347
50.4870914,30.5946090
50.4887861,30.6007021
50.4892774,30.6013882
50.4892692,30.5938726
50.4880961,30.5940989
50.4896046,30.5961348
50.4898407,30.5950232
50.4905083,30.5996146
50.4878031,30.5953724
50.4861903,30.5943039
50.4863726,30.5998239
50.4866179,30.6014713
50.4870794,30.6004011
50.4840378,30.6005597
50.4839559,30.5999578
50.4840352,30.6033018
50.4827922,30.6009908
50.4826970,30.6003855
50.4809848,30.5984543
50.4808951,30.5977781
50.4824849,30.5958136
50.4821754,30.5952366
50.4818750,30.5946429
50.4835833,30.5974491
50.4835075,30.5968507
50.4835470,30.5952389
50.4828461,30.5942996
50.4806816,30.5971160
50.4799982,30.5966977
50.4800045,30.5959920
50.4790496,30.5966180
50.4795319,30.6002510
50.4800553,30.6040895
50.4808746,30.6047976
50.4175174,30.4914608
50.4534002,30.3500893
50.5038189,30.4091753
50.4246883,30.6485835
50.4611135,30.5080947
50.3922389,30.4677544
50.4140365,30.4586640
50.4607841,30.5243316
50.5253701,30.6212090
50.4315563,30.5414696
50.3955027,30.4740465
50.4377923,30.5068218
50.4374720,30.3943254
50.4372905,30.3937460
50.4364114,30.5550303
50.3781408,30.5974989
50.3750369,30.5990611
50.4228457,30.4561468
50.3857735,30.4415653
50.3857051,30.4414345
50.3903634,30.6032559
50.4255723,30.3729480
50.5213853,30.6318806
50.4191361,30.4225224
50.4192621,30.4220397
50.4192101,30.4223496
50.4195350,30.4223345
50.4542090,30.5226304
50.4341716,30.3974581
50.3591835,30.4779245
50.3599570,30.4772998
50.4249553,30.4783366
50.4245454,30.4789364
50.4421051,30.4436082
50.4571396,30.4195177
50.4531308,30.4897199
50.5378317,30.3533692
50.3838636,30.6375149
50.4596176,30.5813322
50.4162644,30.6578015
50.4867439,30.4135329
50.4867340,30.4125435
50.4874784,30.5044946
50.4781207,30.4474253
50.5014944,30.4097858
50.4214724,30.5952100
50.4514593,30.6141358
50.5094085,30.4994912
50.3623951,30.4402873
50.3625205,30.4411870
50.3619313,30.4392063
50.5124305,30.4602588
50.5119419,30.4600383
50.5114562,30.4598483
50.5098811,30.4606977
50.5104185,30.4609627
50.5109215,30.4611772
50.3531186,30.4825108
50.3517064,30.4823034
50.3518153,30.4836664
50.3516257,30.4853680
50.3520724,30.4811869
50.3613212,30.4373445
50.3608538,30.4366684
50.3955014,30.4747366
50.4429183,30.5225792
50.4615393,30.5797074
50.4628527,30.5790475
50.4634057,30.4794349
50.4637427,30.4786898
50.4921273,30.5888973
50.4916815,30.5885692
50.4274414,30.5314781
50.5098955,30.4539292
50.3826477,30.5435497
50.3971469,30.6406607
50.4525578,30.6215093
50.4633995,30.5811724
50.4617699,30.5820596
50.4448450,30.6125977
50.3847725,30.7018461
50.4544284,30.5222249
50.3864000,30.6287060
50.3927365,30.4661314
50.4529149,30.3353807
50.4527156,30.3354645
50.4525325,30.3354974
50.4118959,30.5987387
50.4649202,30.5034478
50.4194552,30.5491052
50.4532057,30.4889121
50.4182283,30.4909035
50.4591716,30.5146615
50.4054332,30.6704438
50.4052799,30.6706823
50.3499186,30.4787215
50.3497709,30.4792030
50.3409785,30.4791452
50.3409981,30.4798447
50.4333933,30.4883016
50.4546544,30.4870800
50.4425283,30.4433418
50.4046331,30.6713163
50.4251371,30.5367412
50.4356841,30.4868368
50.4795363,30.3971321
50.5031488,30.5926946
50.5149437,30.4567933
50.4112921,30.6185100
50.3812959,30.5963722
